10.0.2.15,53913,216.58.208.46,80,6,435,0,45.977.011.494.253,435,0,435,435,0,0,0,0,0,0,0,0,0,0,0,0,0,0,0,0,nonTOR
10.0.2.15,53913,216.58.208.46,80,6,259,0,77.220.077.220.077,259,0,259,259,0,0,0,0,0,0,0,0,0,0,0,0,0,0,0,0,nonTOR
10.0.2.15,53913,216.58.208.46,80,6,891,0,22.446.689.113.356,891,0,891,891,0,0,0,0,0,0,0,0,0,0,0,0,0,0,0,0,nonTOR
10.0.2.15,53913,216.58.208.46,80,6,1074,0,18.621.973.929.237,1074,0,1074,1074,0,0,0,0,0,0,0,0,0,0,0,0,0,0,0,0,nonTOR
10.0.2.15,53913,216.58.208.46,80,6,315,0,63.492.063.492.064,315,0,315,315,0,0,0,0,0,0,0,0,0,0,0,0,0,0,0,0,nonTOR
10.0.2.15,53913,216.58.208.46,80,6,4841,0,4.131.377.814.501,4841,0,4841,4841,0,0,0,0,0,0,0,0,0,0,0,0,0,0,0,0,nonTOR
10.0.2.15,53913,216.58.208.46,80,6,581,0,34.423.407.917.384,581,0,581,581,0,0,0,0,0,0,0,0,0,0,0,0,0,0,0,0,nonTOR
10.0.2.15,53913,216.58.208.46,80,6,906,0,22.075.055.187.638,906,0,906,906,0,0,0,0,0,0,0,0,0,0,0,0,0,0,0,0,nonTOR
10.0.2.15,53913,216.58.208.46,80,6,401,0,49.875.311.720.698,401,0,401,401,0,0,0,0,0,0,0,0,0,0,0,0,0,0,0,0,nonTOR
10.0.2.15,53913,216.58.208.46,80,6,760,0,26.315.789.473.684,760,0,760,760,0,0,0,0,0,0,0,0,0,0,0,0,0,0,0,0,nonTOR
10.0.2.15,53913,216.58.208.46,80,6,4832236,0,0.6208306051,2416118,341.635.530.060.443,4831846,390,4832236,0,4832236,4832236,0,0,0,0,0,0,0,0,0,0,0,0,nonTOR
10.0.2.15,55727,204.83.155.169,32620,6,51872,0,578.346.699.568,25936,364.881.241.227.882,51737,135,0,0,0,0,51737,0,51737,51737,0,0,0,0,0,0,0,0,nonTOR
10.0.2.15,51716,108.237.134.2,443,6,3002774,0,0.9990761876,1501387,709.519.429.523.956,2003093,999681,1501387,709.519.429.523.956,2003093,999681,0,0,0,0,0,0,0,0,0,0,0,0,nonTOR
10.0.2.15,60362,99.242.236.70,38938,6,1001604,0,19.967.971.374,1001604,0,1001604,1001604,1001604,0,1001604,1001604,0,0,0,0,0,0,0,0,0,0,0,0,nonTOR
10.0.2.15,39805,108.237.134.2,7124,6,3001276,0,0.9995748475,1500638,712.178.151.021.217,2004224,997052,1500638,712.178.151.021.217,2004224,997052,0,0,0,0,0,0,0,0,0,0,0,0,nonTOR
10.0.2.15,56936,24.140.134.21,45411,6,3071299,0,13.023.805.237,102.376.633.333.333,103.647.578.079.101,2072546,49,1535649.5,759.355.608.355.203,2072595,998704,0,0,0,0,0,0,0,0,0,0,0,0,nonTOR
10.0.2.15,56953,24.140.134.21,45411,6,3062662,0,13.060.533.614,102.088.733.333.333,103.272.929.180.949,2065102,40,1531331,754.922.755.943.944,2065142,997520,0,0,0,0,0,0,0,0,0,0,0,0,nonTOR
10.0.2.15,39807,108.237.134.2,7124,6,3003430,0,0.9988579724,1501715,713.656.004.193.897,2006346,997084,1501715,713.656.004.193.897,2006346,997084,0,0,0,0,0,0,0,0,0,0,0,0,nonTOR
10.0.2.15,35273,67.71.163.47,30582,6,51735,0,579.878.225.573,25867.5,361.140.646.355.405,51404,331,0,0,0,0,51404,0,51404,51404,0,0,0,0,0,0,0,0,nonTOR
10.0.2.15,38166,206.75.168.220,55632,6,101915,0,294.362.949.517,50957.5,714.807.174.033.669,101502,413,0,0,0,0,101502,0,101502,101502,0,0,0,0,0,0,0,0,nonTOR
10.0.2.15,54955,204.83.155.169,32620,6,49999,0,60.001.200.024,24999.5,350.321.912.603.251,49771,228,0,0,0,0,49771,0,49771,49771,0,0,0,0,0,0,0,0,nonTOR
10.0.2.15,50197,67.70.26.33,60854,6,55546,0,540.092.895.978,27773,390.634.070.198.696,55395,151,0,0,0,0,55395,0,55395,55395,0,0,0,0,0,0,0,0,nonTOR
10.0.2.15,35289,67.71.163.47,30582,6,52145,0,575.318.822.514,26072.5,365.072.160.058.803,51887,258,0,0,0,0,51887,0,51887,51887,0,0,0,0,0,0,0,0,nonTOR
10.0.2.15,48319,69.51.239.202,44824,6,94497,0,317.470.395.886,47248.5,664.899.577.417.523,94264,233,0,0,0,0,94264,0,94264,94264,0,0,0,0,0,0,0,0,nonTOR
10.0.2.15,55027,24.36.174.173,47044,6,47064,0,637.429.882.713,23532,328.267.252.098.043,46744,320,0,0,0,0,46744,0,46744,46744,0,0,0,0,0,0,0,0,nonTOR
10.0.2.15,35301,67.71.163.47,30582,6,53618,0,55.951.359.618,26809,375.190.858.097.582,53339,279,0,0,0,0,53339,0,53339,53339,0,0,0,0,0,0,0,0,nonTOR
10.0.2.15,54967,204.83.155.169,32620,6,54331,0,552.170.952.127,27165.5,379.864.833.921.225,54026,305,0,0,0,0,54026,0,54026,54026,0,0,0,0,0,0,0,0,nonTOR
10.0.2.15,50210,67.70.26.33,60854,6,3000668,0,0.9997773829,1500334,711.752.472.738.943,2003619,997049,1500334,711.752.472.738.943,2003619,997049,0,0,0,0,0,0,0,0,0,0,0,0,nonTOR
10.0.2.15,48265,24.201.235.89,40085,6,496,0,40.322.580.645.161,496,0,496,496,0,0,0,0,0,0,0,0,0,0,0,0,0,0,0,0,nonTOR
10.0.2.15,50209,67.70.26.33,60854,6,3002409,0,0.9991976443,1501204.5,706.769.491.251.922,2000966,1001443,1501204.5,706.769.491.251.922,2000966,1001443,0,0,0,0,0,0,0,0,0,0,0,0,nonTOR
10.0.2.15,43459,67.70.26.33,443,6,3002148,0,0.9992845123,1501074,712.134.310.400.784,2004629,997519,1501074,712.134.310.400.784,2004629,997519,0,0,0,0,0,0,0,0,0,0,0,0,nonTOR
10.0.2.15,52875,173.194.78.16,993,6,38594,0,518.215.266.622,38594,0,38594,38594,38594,0,38594,38594,0,0,0,0,0,0,0,0,0,0,0,0,nonTOR
10.8.0.10,53280,173.252.79.90,3478,6,80420,0,248.694.354.638,80420,0,80420,80420,0,0,0,0,0,0,0,0,0,0,0,0,0,0,0,0,nonTOR
10.8.0.10,35694,173.252.79.90,3478,6,80520,0,248.385.494.287,80520,0,80520,80520,0,0,0,0,0,0,0,0,0,0,0,0,0,0,0,0,nonTOR
10.8.0.10,52712,173.252.79.90,443,6,80468,0,248.546.005.866,80468,0,80468,80468,0,0,0,0,0,0,0,0,0,0,0,0,0,0,0,0,nonTOR
10.8.0.10,39742,173.252.79.90,3478,6,80407,0,248.734.562.911,80407,0,80407,80407,0,0,0,0,0,0,0,0,0,0,0,0,0,0,0,0,nonTOR
10.8.0.10,47136,173.252.79.90,3478,6,80395,0,248.771.689.782,80395,0,80395,80395,0,0,0,0,0,0,0,0,0,0,0,0,0,0,0,0,nonTOR
10.8.0.10,55665,173.252.79.90,443,6,80441,0,248.629.430.266,80441,0,80441,80441,0,0,0,0,0,0,0,0,0,0,0,0,0,0,0,0,nonTOR
10.8.0.10,36678,173.252.79.90,443,6,80414,0,248.712.910.687,80414,0,80414,80414,0,0,0,0,0,0,0,0,0,0,0,0,0,0,0,0,nonTOR
10.8.0.10,51761,173.252.79.90,443,6,80389,0,248.790.257.374,80389,0,80389,80389,0,0,0,0,0,0,0,0,0,0,0,0,0,0,0,0,nonTOR
10.8.0.10,34676,173.252.79.90,3478,6,80337,0,24.895.129.268,80337,0,80337,80337,0,0,0,0,0,0,0,0,0,0,0,0,0,0,0,0,nonTOR
10.8.0.10,38897,173.252.79.90,443,6,80377,0,248.827.400.873,80377,0,80377,80377,0,0,0,0,0,0,0,0,0,0,0,0,0,0,0,0,nonTOR
10.8.0.10,34332,173.252.79.90,443,6,80736,0,247.720.967.103,80736,0,80736,80736,0,0,0,0,0,0,0,0,0,0,0,0,0,0,0,0,nonTOR
10.8.0.10,46976,173.252.79.90,443,6,80373,0,248.839.784.505,80373,0,80373,80373,0,0,0,0,0,0,0,0,0,0,0,0,0,0,0,0,nonTOR
10.8.0.10,56536,173.252.79.90,3478,6,80411,0,24.872.218.975,80411,0,80411,80411,0,0,0,0,0,0,0,0,0,0,0,0,0,0,0,0,nonTOR
10.8.0.10,47119,173.252.79.90,443,6,80483,0,248.499.683.163,80483,0,80483,80483,0,0,0,0,0,0,0,0,0,0,0,0,0,0,0,0,nonTOR
10.8.0.10,40944,173.252.79.90,3478,6,80556,0,248.274.492.279,80556,0,80556,80556,0,0,0,0,0,0,0,0,0,0,0,0,0,0,0,0,nonTOR
10.8.0.10,57629,173.252.79.90,443,6,80637,0,24.802.510.014,80637,0,80637,80637,0,0,0,0,0,0,0,0,0,0,0,0,0,0,0,0,nonTOR
10.8.0.10,60625,173.252.79.90,3478,6,80677,0,24.790.212.824,80677,0,80677,80677,0,0,0,0,0,0,0,0,0,0,0,0,0,0,0,0,nonTOR
10.8.0.10,50051,173.252.79.90,3478,6,80585,0,248.185.146.119,80585,0,80585,80585,0,0,0,0,0,0,0,0,0,0,0,0,0,0,0,0,nonTOR
10.8.0.10,56458,173.252.79.90,443,6,80574,0,248.219.028.471,80574,0,80574,80574,0,0,0,0,0,0,0,0,0,0,0,0,0,0,0,0,nonTOR
10.8.0.10,42683,173.252.79.90,3478,6,80548,0,248.299.150.817,80548,0,80548,80548,0,0,0,0,0,0,0,0,0,0,0,0,0,0,0,0,nonTOR
10.8.0.10,36182,173.252.79.90,443,6,80471,0,248.536.739.944,80471,0,80471,80471,0,0,0,0,0,0,0,0,0,0,0,0,0,0,0,0,nonTOR
10.8.0.10,50040,173.252.79.90,3478,6,80520,0,248.385.494.287,80520,0,80520,80520,0,0,0,0,0,0,0,0,0,0,0,0,0,0,0,0,nonTOR
10.8.0.10,58950,173.252.79.90,443,6,80586,0,248.182.066.364,80586,0,80586,80586,0,0,0,0,0,0,0,0,0,0,0,0,0,0,0,0,nonTOR
10.8.0.10,46393,173.252.79.90,3478,6,89372,0,223.783.735.398,89372,0,89372,89372,0,0,0,0,0,0,0,0,0,0,0,0,0,0,0,0,nonTOR
10.8.0.10,39587,173.252.79.90,3478,6,80433,0,248.654.159.362,80433,0,80433,80433,0,0,0,0,0,0,0,0,0,0,0,0,0,0,0,0,nonTOR
10.8.0.10,58667,173.252.79.90,3478,6,80615,0,248.092.786.702,80615,0,80615,80615,0,0,0,0,0,0,0,0,0,0,0,0,0,0,0,0,nonTOR
10.8.0.10,45031,173.252.79.90,443,6,80456,0,248.583.076.464,80456,0,80456,80456,0,0,0,0,0,0,0,0,0,0,0,0,0,0,0,0,nonTOR
10.8.0.10,37740,173.252.79.90,443,6,80649,0,247.988.195.762,80649,0,80649,80649,0,0,0,0,0,0,0,0,0,0,0,0,0,0,0,0,nonTOR
10.8.0.10,48050,173.252.79.90,3478,6,80375,0,248.833.592.535,80375,0,80375,80375,0,0,0,0,0,0,0,0,0,0,0,0,0,0,0,0,nonTOR
10.8.0.10,41626,173.252.79.90,443,6,80391,0,248.784.067.868,80391,0,80391,80391,0,0,0,0,0,0,0,0,0,0,0,0,0,0,0,0,nonTOR
10.8.0.10,60410,173.252.79.90,3478,6,80423,0,248.685.077.652,80423,0,80423,80423,0,0,0,0,0,0,0,0,0,0,0,0,0,0,0,0,nonTOR
10.8.0.10,46101,173.252.79.90,443,6,80592,0,248.163.589.438,80592,0,80592,80592,0,0,0,0,0,0,0,0,0,0,0,0,0,0,0,0,nonTOR
10.8.0.10,57436,173.252.79.90,3478,6,80677,0,24.790.212.824,80677,0,80677,80677,0,0,0,0,0,0,0,0,0,0,0,0,0,0,0,0,nonTOR
10.8.0.10,36036,173.252.79.90,443,6,80598,0,248.145.115.263,80598,0,80598,80598,0,0,0,0,0,0,0,0,0,0,0,0,0,0,0,0,nonTOR
10.8.0.10,60243,173.252.79.90,443,6,80524,0,248.373.155.829,80524,0,80524,80524,0,0,0,0,0,0,0,0,0,0,0,0,0,0,0,0,nonTOR
10.8.0.10,36651,173.252.79.90,3478,6,80602,0,248.132.800.675,80602,0,80602,80602,0,0,0,0,0,0,0,0,0,0,0,0,0,0,0,0,nonTOR
10.8.0.10,33815,173.252.79.90,3478,6,80554,0,248.280.656.454,80554,0,80554,80554,0,0,0,0,0,0,0,0,0,0,0,0,0,0,0,0,nonTOR
10.8.0.10,34693,173.252.79.90,443,6,80599,0,248.142.036.502,80599,0,80599,80599,0,0,0,0,0,0,0,0,0,0,0,0,0,0,0,0,nonTOR
10.8.0.10,49813,209.148.205.35,443,6,22093,0,905.264.110.804,22093,0,22093,22093,0,0,0,0,0,0,0,0,0,0,0,0,0,0,0,0,nonTOR
10.8.0.10,49813,209.148.205.35,443,6,22386,0,893.415.527.562,22386,0,22386,22386,0,0,0,0,0,0,0,0,0,0,0,0,0,0,0,0,nonTOR
10.8.0.10,49813,209.148.205.35,443,6,21865,0,914.703.864.624,21865,0,21865,21865,0,0,0,0,0,0,0,0,0,0,0,0,0,0,0,0,nonTOR
10.8.0.10,49813,209.148.205.35,443,6,22499,0,888.928.396.818,22499,0,22499,22499,0,0,0,0,0,0,0,0,0,0,0,0,0,0,0,0,nonTOR
10.8.0.10,49813,209.148.205.35,443,6,22379,0,893.694.981.903,22379,0,22379,22379,0,0,0,0,0,0,0,0,0,0,0,0,0,0,0,0,nonTOR
10.8.0.10,49813,209.148.205.35,443,6,21991,0,909.462.962.121,21991,0,21991,21991,0,0,0,0,0,0,0,0,0,0,0,0,0,0,0,0,nonTOR
10.8.0.10,49813,209.148.205.35,443,6,22061,0,906.577.217.715,22061,0,22061,22061,0,0,0,0,0,0,0,0,0,0,0,0,0,0,0,0,nonTOR
10.8.0.10,49813,209.148.205.35,443,6,22451,0,890.828.916.307,22451,0,22451,22451,0,0,0,0,0,0,0,0,0,0,0,0,0,0,0,0,nonTOR
10.8.0.10,49813,209.148.205.35,443,6,22373,0,893.934.653.377,22373,0,22373,22373,0,0,0,0,0,0,0,0,0,0,0,0,0,0,0,0,nonTOR
10.8.0.10,49813,209.148.205.35,443,6,22350,0,89.485.458.613,22350,0,22350,22350,0,0,0,0,0,0,0,0,0,0,0,0,0,0,0,0,nonTOR
10.8.0.10,35637,173.252.79.94,443,6,80604,0,248.126.643.839,80604,0,80604,80604,0,0,0,0,0,0,0,0,0,0,0,0,0,0,0,0,nonTOR
10.8.0.10,43428,173.252.79.94,3478,6,80788,0,247.561.519.037,80788,0,80788,80788,0,0,0,0,0,0,0,0,0,0,0,0,0,0,0,0,nonTOR
10.8.0.10,46984,173.252.79.94,3478,6,80723,0,247.760.861.217,80723,0,80723,80723,0,0,0,0,0,0,0,0,0,0,0,0,0,0,0,0,nonTOR
10.8.0.10,42677,173.252.79.94,443,6,80755,0,247.662.683.425,80755,0,80755,80755,0,0,0,0,0,0,0,0,0,0,0,0,0,0,0,0,nonTOR
10.8.0.10,37035,173.252.79.94,3478,6,80754,0,247.665.750.303,80754,0,80754,80754,0,0,0,0,0,0,0,0,0,0,0,0,0,0,0,0,nonTOR
10.8.0.10,38319,173.252.79.94,3478,6,80763,0,247.638.151.134,80763,0,80763,80763,0,0,0,0,0,0,0,0,0,0,0,0,0,0,0,0,nonTOR
10.8.0.10,36511,173.252.79.94,3478,6,80743,0,247.699.490.978,80743,0,80743,80743,0,0,0,0,0,0,0,0,0,0,0,0,0,0,0,0,nonTOR
10.8.0.10,42112,173.252.79.94,443,6,80845,0,247.386.975.076,80845,0,80845,80845,0,0,0,0,0,0,0,0,0,0,0,0,0,0,0,0,nonTOR
10.8.0.10,53693,173.252.79.94,443,6,80843,0,247.393.095.259,80843,0,80843,80843,0,0,0,0,0,0,0,0,0,0,0,0,0,0,0,0,nonTOR
10.8.0.10,38446,173.252.79.94,443,6,80827,0,247.442.067.626,80827,0,80827,80827,0,0,0,0,0,0,0,0,0,0,0,0,0,0,0,0,nonTOR
10.8.0.10,57175,173.252.79.94,3478,6,80775,0,247.601.361.807,80775,0,80775,80775,0,0,0,0,0,0,0,0,0,0,0,0,0,0,0,0,nonTOR
10.8.0.10,53244,173.252.79.94,443,6,80827,0,247.442.067.626,80827,0,80827,80827,0,0,0,0,0,0,0,0,0,0,0,0,0,0,0,0,nonTOR
10.8.0.10,55129,173.252.79.94,443,6,80818,0,247.469.623.104,80818,0,80818,80818,0,0,0,0,0,0,0,0,0,0,0,0,0,0,0,0,nonTOR
10.8.0.10,59226,173.252.79.94,3478,6,80895,0,247.234.068.855,80895,0,80895,80895,0,0,0,0,0,0,0,0,0,0,0,0,0,0,0,0,nonTOR
10.8.0.10,54078,173.252.79.94,3478,6,80852,0,24.736.555.682,80852,0,80852,80852,0,0,0,0,0,0,0,0,0,0,0,0,0,0,0,0,nonTOR
10.8.0.10,56147,173.252.79.94,3478,6,80811,0,247.491.059.385,80811,0,80811,80811,0,0,0,0,0,0,0,0,0,0,0,0,0,0,0,0,nonTOR
10.8.0.10,33969,173.252.79.94,443,6,80896,0,247.231.012.658,80896,0,80896,80896,0,0,0,0,0,0,0,0,0,0,0,0,0,0,0,0,nonTOR
10.8.0.10,46612,173.252.79.94,443,6,80851,0,247.368.616.344,80851,0,80851,80851,0,0,0,0,0,0,0,0,0,0,0,0,0,0,0,0,nonTOR
10.8.0.10,52167,173.252.79.94,3478,6,80830,0,24.743.288.383,80830,0,80830,80830,0,0,0,0,0,0,0,0,0,0,0,0,0,0,0,0,nonTOR
10.8.0.10,33403,173.252.79.94,443,6,80842,0,247.396.155.464,80842,0,80842,80842,0,0,0,0,0,0,0,0,0,0,0,0,0,0,0,0,nonTOR
10.8.0.10,49432,173.252.79.94,443,6,80826,0,247.445.129.043,80826,0,80826,80826,0,0,0,0,0,0,0,0,0,0,0,0,0,0,0,0,nonTOR
10.8.0.10,47637,173.252.79.94,3478,6,80865,0,247.325.789.897,80865,0,80865,80865,0,0,0,0,0,0,0,0,0,0,0,0,0,0,0,0,nonTOR
10.8.0.10,52242,173.252.79.94,3478,6,80865,0,247.325.789.897,80865,0,80865,80865,0,0,0,0,0,0,0,0,0,0,0,0,0,0,0,0,nonTOR
10.8.0.10,43272,173.252.79.94,443,6,80880,0,24.727.992.087,80880,0,80880,80880,0,0,0,0,0,0,0,0,0,0,0,0,0,0,0,0,nonTOR
10.8.0.10,34823,74.125.226.5,80,6,5571842,0,0.7178954464,185.728.066.666.667,319.474.240.193.953,5546222,47,2785921,390.365.511.043.202,5546222,25620,0,0,0,0,0,0,0,0,0,0,0,0,nonTOR
10.8.0.10,41939,74.125.226.22,80,6,25332,0,789.515.237.644,25332,0,25332,25332,0,0,0,0,0,0,0,0,0,0,0,0,0,0,0,0,nonTOR
10.8.0.10,42610,173.194.123.70,80,6,25327,0,789.671.101.986,25327,0,25327,25327,0,0,0,0,0,0,0,0,0,0,0,0,0,0,0,0,nonTOR
10.8.0.10,41939,74.125.226.22,80,6,26656,0,750.300.120.048,26656,0,26656,26656,0,0,0,0,0,0,0,0,0,0,0,0,0,0,0,0,nonTOR
10.8.0.10,42610,173.194.123.70,80,6,25710,0,777.907.429.016,25710,0,25710,25710,0,0,0,0,0,0,0,0,0,0,0,0,0,0,0,0,nonTOR
10.8.0.10,35773,173.252.110.27,443,6,8190,0,3.663.003.663.004,4095,57.417.070.632.348,8155,35,8190,0,8190,8190,0,0,0,0,0,0,0,0,0,0,0,0,nonTOR
10.8.0.10,41939,74.125.226.22,80,6,25471,0,785.206.705.665,25471,0,25471,25471,0,0,0,0,0,0,0,0,0,0,0,0,0,0,0,0,nonTOR
10.8.0.10,53275,24.156.140.33,443,6,5691,0,5.271.481.286.241,2845.5,39.590.908.678.635,5645,46,0,0,0,0,46,0,46,46,0,0,0,0,0,0,0,0,nonTOR
10.8.0.10,35769,173.252.110.27,443,6,12733,0,2.356.082.619.964,6366.5,89.611.642.379.771,12703,30,12733,0,12733,12733,0,0,0,0,0,0,0,0,0,0,0,0,nonTOR
10.8.0.10,50813,209.148.205.10,443,6,8893,0,33.734.397.841,4446.5,62.034.477.913.496,8833,60,0,0,0,0,60,0,60,60,0,0,0,0,0,0,0,0,nonTOR
10.8.0.10,35774,173.252.110.27,443,6,3842,0,7.808.433.107.756,1921,26.558.930.701.367,3799,43,0,0,0,0,43,0,43,43,0,0,0,0,0,0,0,0,nonTOR
10.8.0.10,35271,209.148.205.11,443,6,5118,0,5.861.664.712.778,2559,35.496.760.415.565,5069,49,0,0,0,0,49,0,49,49,0,0,0,0,0,0,0,0,nonTOR
10.8.0.10,34040,209.148.205.26,443,6,3505,0,8.559.201.141.227,1752.5,24.119.412.306.273,3458,47,0,0,0,0,47,0,47,47,0,0,0,0,0,0,0,0,nonTOR
10.8.0.10,45373,91.189.89.22,443,6,283,0,70.671.378.091.873,283,0,283,283,283,0,283,283,0,0,0,0,0,0,0,0,0,0,0,0,nonTOR
10.8.0.10,42610,173.194.123.70,80,6,25515,0,783.852.635.704,25515,0,25515,25515,0,0,0,0,0,0,0,0,0,0,0,0,0,0,0,0,nonTOR
10.8.0.10,35770,173.252.110.27,443,6,4501,0,666.518.551.433,2250.5,18.759.542.904.879,3577,924,0,0,0,0,924,0,924,924,0,0,0,0,0,0,0,0,nonTOR
10.8.0.10,34065,209.148.205.26,443,6,5717,0,5.247.507.433.969,2858.5,39.605.050.814.259,5659,58,0,0,0,0,58,0,58,58,0,0,0,0,0,0,0,0,nonTOR
10.8.0.10,34049,209.148.205.26,443,6,5060,0,5.928.853.754.941,2530,35.157.349.160.595,5016,44,0,0,0,0,44,0,44,44,0,0,0,0,0,0,0,0,nonTOR
10.8.0.10,47592,31.13.73.7,443,6,4605,0,6.514.657.980.456,2302.5,31.982.439.713.068,4564,41,0,0,0,0,41,0,41,41,0,0,0,0,0,0,0,0,nonTOR
10.8.0.10,58514,91.189.89.88,80,6,4194848,0,0.7151629809,2097424,278.331.936.896.074,4065528,129320,4194848,0,4194848,4194848,0,0,0,0,0,0,0,0,0,0,0,0,nonTOR
10.8.0.10,58055,74.125.226.169,80,6,5420097,0,0.5534956293,2710048.5,379.577.253.593.317,5394065,26032,5420097,0,5420097,5420097,0,0,0,0,0,0,0,0,0,0,0,0,nonTOR
10.8.0.10,55376,91.190.216.125,12350,6,2482753,0,12.083.360.689,1241376.5,150.038.513.026.239,2302309,180444,0,0,0,0,2302309,0,2302309,2302309,0,0,0,0,0,0,0,0,nonTOR
10.8.0.10,44819,82.165.251.100,80,6,5195201,0,11.549.120.044,1039040.2,168.858.556.468.652,3959265,38,173.173.366.666.667,197.568.989.841.456,3959265,191437,1044497,0,1044497,1044497,0,0,0,0,0,0,0,0,nonTOR
10.8.0.10,44818,82.165.251.100,80,6,5195952,0,11.547.450.785,1039190.4,153.033.304.245.279,3554128,18,1731984,169.824.492.260.569,3554128,193314,1448490,0,1448490,1448490,0,0,0,0,0,0,0,0,nonTOR
10.8.0.10,44815,82.165.251.100,80,6,5198026,0,11.542.843.379,1039605.2,16.055.673.122.131,3758565,32,173.267.533.333.333,183.151.366.599.879,3758565,194116,1245354,0,1245354,1245354,0,0,0,0,0,0,0,0,nonTOR
10.8.0.10,58078,74.125.226.169,80,6,5540250,0,0.7219890799,1846750,317.441.920.176.857,5512218,33,2770125,387.790.510.988.833,5512218,28032,0,0,0,0,0,0,0,0,0,0,0,0,nonTOR
10.8.0.10,44401,173.194.123.109,80,6,5675609,0,0.7047701841,189.186.966.666.667,325.442.803.774.186,5649730,50,2837804.5,397.666.317.848.275,5649730,25879,0,0,0,0,0,0,0,0,0,0,0,0,nonTOR
10.8.0.10,34023,23.65.248.82,80,6,5738009,0,0.6971059125,191.266.966.666.667,326.650.505.537.835,5684378,30,2869004.5,398.153.938.684.581,5684378,53631,0,0,0,0,0,0,0,0,0,0,0,0,nonTOR
10.8.0.10,38915,173.194.123.121,80,6,5789789,0,0.6908714635,192.992.966.666.667,331.917.005.495.656,5762545,34,2894894.5,405.547.022.924.599,5762545,27244,0,0,0,0,0,0,0,0,0,0,0,0,nonTOR
10.8.0.10,33092,209.148.205.25,80,6,5297673,0,0.7550484902,1765891,303.944.179.079.054,5275513,59,2648836.5,371.468.153.026.669,5275513,22160,0,0,0,0,0,0,0,0,0,0,0,0,nonTOR
10.8.0.10,49349,184.26.44.96,80,6,5086312,0,0.786424427,169.543.733.333.333,290.257.438.877.909,5046965,57,2543156,354.092.064.539.182,5046965,39347,0,0,0,0,0,0,0,0,0,0,0,0,nonTOR
10.8.0.10,38914,173.194.123.121,80,6,3351404,0,0.8951472278,1675702,23.336.404.683.194,3325835,25569,3351404,0,3351404,3351404,0,0,0,0,0,0,0,0,0,0,0,0,nonTOR
10.8.0.10,37617,72.21.91.29,80,6,2515458,0,11.926.257.564,1257729,172.117.851.558.111,2474786,40672,2515458,0,2515458,2515458,0,0,0,0,0,0,0,0,0,0,0,0,nonTOR
10.8.0.10,34024,23.65.248.82,80,6,3223699,0,0.9306079755,1611849.5,220.541.160.329.869,3171311,52388,3223699,0,3223699,3223699,0,0,0,0,0,0,0,0,0,0,0,0,nonTOR
10.8.0.10,49348,184.26.44.96,80,6,2727723,0,109.981.842,1363861.5,187.570.892.443.484,2690188,37535,2727723,0,2727723,2727723,0,0,0,0,0,0,0,0,0,0,0,0,nonTOR
10.8.0.10,58077,74.125.226.169,80,6,3131963,0,0.9578657219,1565981.5,217.793.909.063.603,3106017,25946,3131963,0,3131963,3131963,0,0,0,0,0,0,0,0,0,0,0,0,nonTOR
10.8.0.10,18420,10.8.0.6,34575,6,67,0,298.507.462.686.567,67,0,67,67,67,0,67,67,0,0,0,0,0,0,0,0,0,0,0,0,nonTOR
10.8.0.10,55107,91.190.218.59,12350,6,127656,0,156.671.053.456,127656,0,127656,127656,0,0,0,0,0,0,0,0,0,0,0,0,0,0,0,0,nonTOR
10.8.0.10,55817,65.55.223.17,40020,6,31876,0,627.431.296.273,31876,0,31876,31876,0,0,0,0,0,0,0,0,0,0,0,0,0,0,0,0,nonTOR
10.8.0.10,40159,91.189.90.41,80,6,107873,0,185.403.205.621,107873,0,107873,107873,0,0,0,0,0,0,0,0,0,0,0,0,0,0,0,0,nonTOR
10.8.0.10,42566,173.194.123.70,80,6,25456,0,785.669.390.321,25456,0,25456,25456,0,0,0,0,0,0,0,0,0,0,0,0,0,0,0,0,nonTOR
10.8.0.10,40159,91.189.90.41,80,6,106260,0,188.217.579.522,106260,0,106260,106260,0,0,0,0,0,0,0,0,0,0,0,0,0,0,0,0,nonTOR
10.8.0.10,42566,173.194.123.70,80,6,25992,0,76.946.752.847,25992,0,25992,25992,0,0,0,0,0,0,0,0,0,0,0,0,0,0,0,0,nonTOR
10.8.0.10,40159,91.189.90.41,80,6,106947,0,187.008.518.238,106947,0,106947,106947,0,0,0,0,0,0,0,0,0,0,0,0,0,0,0,0,nonTOR
10.8.0.10,42566,173.194.123.70,80,6,25384,0,787.897.888.434,25384,0,25384,25384,0,0,0,0,0,0,0,0,0,0,0,0,0,0,0,0,nonTOR
10.8.0.10,40159,91.189.90.41,80,6,106861,0,187.159.019.661,106861,0,106861,106861,0,0,0,0,0,0,0,0,0,0,0,0,0,0,0,0,nonTOR
10.8.0.10,42566,173.194.123.70,80,6,25692,0,778.452.436.556,25692,0,25692,25692,0,0,0,0,0,0,0,0,0,0,0,0,0,0,0,0,nonTOR
10.8.0.10,40159,91.189.90.41,80,6,106250,0,188.235.294.118,106250,0,106250,106250,0,0,0,0,0,0,0,0,0,0,0,0,0,0,0,0,nonTOR
10.8.0.10,44817,82.165.251.100,80,6,162167,0,123.329.653.999,162167,0,162167,162167,0,0,0,0,0,0,0,0,0,0,0,0,0,0,0,0,nonTOR
10.8.0.10,45332,91.189.89.22,443,6,244,0,81.967.213.114.754,244,0,244,244,244,0,244,244,0,0,0,0,0,0,0,0,0,0,0,0,nonTOR
10.8.0.10,37632,72.21.91.29,80,6,43276,0,693.224.882.152,21638,30.539.941.879.447,43233,43,43276,0,43276,43276,0,0,0,0,0,0,0,0,0,0,0,0,nonTOR
10.8.0.10,34036,209.148.205.26,443,6,38,0,789.473.684.210.526,19,84.852.813.742,25,13,0,0,0,0,25,0,25,25,0,0,0,0,0,0,0,0,nonTOR
10.8.0.10,44814,82.165.251.100,80,6,178647,0,111.952.621.651,178647,0,178647,178647,0,0,0,0,0,0,0,0,0,0,0,0,0,0,0,0,nonTOR
10.8.0.10,37560,178.255.83.1,80,6,50518,0,395.898.491.627,50518,0,50518,50518,0,0,0,0,0,0,0,0,0,0,0,0,0,0,0,0,nonTOR
10.8.0.10,34031,209.148.205.26,443,6,21977,0,910.042.316.968,21977,0,21977,21977,0,0,0,0,0,0,0,0,0,0,0,0,0,0,0,0,nonTOR
10.8.0.10,34032,209.148.205.26,443,6,778,0,38.560.411.311.054,389,5.289.158.723.275,763,15,0,0,0,0,15,0,15,15,0,0,0,0,0,0,0,0,nonTOR
10.8.0.10,44816,82.165.251.100,80,6,176437,0,113.354.908.551,176437,0,176437,176437,0,0,0,0,0,0,0,0,0,0,0,0,0,0,0,0,nonTOR
10.8.0.10,42566,173.194.123.70,80,6,25449,0,785.885.496.483,25449,0,25449,25449,0,0,0,0,0,0,0,0,0,0,0,0,0,0,0,0,nonTOR
10.8.0.14,58724,74.125.226.3,80,6,5482355,0,0.5472100949,2741177.5,384.088.312.014.574,5457092,25263,5482355,0,5482355,5482355,0,0,0,0,0,0,0,0,0,0,0,0,nonTOR
10.8.0.14,33015,216.58.219.237,443,6,26060,0,767.459.708.365,26060,0,26060,26060,0,0,0,0,0,0,0,0,0,0,0,0,0,0,0,0,nonTOR
10.8.0.14,53933,173.194.123.5,443,6,25459,0,785.576.809.773,25459,0,25459,25459,0,0,0,0,0,0,0,0,0,0,0,0,0,0,0,0,nonTOR
10.8.0.14,57281,173.194.207.188,5228,6,38298,0,522.220.481.487,38298,0,38298,38298,0,0,0,0,0,0,0,0,0,0,0,0,0,0,0,0,nonTOR
10.8.0.14,33015,216.58.219.237,443,6,27120,0,737.463.126.844,27120,0,27120,27120,0,0,0,0,0,0,0,0,0,0,0,0,0,0,0,0,nonTOR
10.8.0.14,53933,173.194.123.5,443,6,25999,0,769.260.356.168,25999,0,25999,25999,0,0,0,0,0,0,0,0,0,0,0,0,0,0,0,0,nonTOR
10.8.0.14,57281,173.194.207.188,5228,6,38322,0,521.893.429.362,38322,0,38322,38322,0,0,0,0,0,0,0,0,0,0,0,0,0,0,0,0,nonTOR
10.8.0.14,33015,216.58.219.237,443,6,25835,0,774.143.603.638,25835,0,25835,25835,0,0,0,0,0,0,0,0,0,0,0,0,0,0,0,0,nonTOR
10.8.0.14,53933,173.194.123.5,443,6,25557,0,782.564.463.748,25557,0,25557,25557,0,0,0,0,0,0,0,0,0,0,0,0,0,0,0,0,nonTOR
10.8.0.14,57281,173.194.207.188,5228,6,38287,0,522.370.517.408,38287,0,38287,38287,0,0,0,0,0,0,0,0,0,0,0,0,0,0,0,0,nonTOR
10.8.0.14,33015,216.58.219.237,443,6,26015,0,768.787.238.132,26015,0,26015,26015,0,0,0,0,0,0,0,0,0,0,0,0,0,0,0,0,nonTOR
10.8.0.14,53933,173.194.123.5,443,6,25307,0,790.295.175.248,25307,0,25307,25307,0,0,0,0,0,0,0,0,0,0,0,0,0,0,0,0,nonTOR
10.8.0.14,33015,216.58.219.237,443,6,25950,0,770.712.909.441,25950,0,25950,25950,0,0,0,0,0,0,0,0,0,0,0,0,0,0,0,0,nonTOR
10.8.0.14,53933,173.194.123.5,443,6,25612,0,780.883.960.643,25612,0,25612,25612,0,0,0,0,0,0,0,0,0,0,0,0,0,0,0,0,nonTOR
10.8.0.14,57281,173.194.207.188,5228,6,39183,0,510.425.439.604,39183,0,39183,39183,0,0,0,0,0,0,0,0,0,0,0,0,0,0,0,0,nonTOR
10.8.0.14,57281,173.194.207.188,5228,6,38807,0,515.370.938.233,38807,0,38807,38807,0,0,0,0,0,0,0,0,0,0,0,0,0,0,0,0,nonTOR
10.8.0.14,57281,173.194.207.188,5228,6,38997,0,512.859.963.587,38997,0,38997,38997,0,0,0,0,0,0,0,0,0,0,0,0,0,0,0,0,nonTOR
10.8.0.14,57281,173.194.207.188,5228,6,39058,0,512.058.989.196,39058,0,39058,39058,0,0,0,0,0,0,0,0,0,0,0,0,0,0,0,0,nonTOR
10.8.0.14,32818,173.194.121.5,443,6,31349,0,637.978.882.899,31349,0,31349,31349,0,0,0,0,0,0,0,0,0,0,0,0,0,0,0,0,nonTOR
10.8.0.14,34564,173.194.123.8,443,6,25435,0,786.318.065.658,25435,0,25435,25435,0,0,0,0,0,0,0,0,0,0,0,0,0,0,0,0,nonTOR
10.8.0.14,57281,173.194.207.188,5228,6,39120,0,511.247.443.763,39120,0,39120,39120,0,0,0,0,0,0,0,0,0,0,0,0,0,0,0,0,nonTOR
10.8.0.14,32818,173.194.121.5,443,6,31435,0,636.233.497.694,31435,0,31435,31435,0,0,0,0,0,0,0,0,0,0,0,0,0,0,0,0,nonTOR
10.8.0.14,34564,173.194.123.8,443,6,25503,0,784.221.464.141,25503,0,25503,25503,0,0,0,0,0,0,0,0,0,0,0,0,0,0,0,0,nonTOR
10.8.0.14,46060,74.125.226.9,443,6,7008719,0,0.5707177018,233.623.966.666.667,153.293.122.193.278,4008055,996692,233.623.966.666.667,153.293.122.193.278,4008055,996692,0,0,0,0,0,0,0,0,0,0,0,0,nonTOR
10.8.0.14,57281,173.194.207.188,5228,6,38992,0,512.925.728.355,38992,0,38992,38992,0,0,0,0,0,0,0,0,0,0,0,0,0,0,0,0,nonTOR
10.8.0.14,32818,173.194.121.5,443,6,31309,0,638.793.957.009,31309,0,31309,31309,0,0,0,0,0,0,0,0,0,0,0,0,0,0,0,0,nonTOR
10.8.0.14,34564,173.194.123.8,443,6,25345,0,789.110.278.161,25345,0,25345,25345,0,0,0,0,0,0,0,0,0,0,0,0,0,0,0,0,nonTOR
10.8.0.14,57281,173.194.207.188,5228,6,39210,0,510.073.960.724,39210,0,39210,39210,0,0,0,0,0,0,0,0,0,0,0,0,0,0,0,0,nonTOR
10.8.0.14,32818,173.194.121.5,443,6,32228,0,620.578.379.049,32228,0,32228,32228,0,0,0,0,0,0,0,0,0,0,0,0,0,0,0,0,nonTOR
10.8.0.14,34564,173.194.123.8,443,6,25342,0,789.203.693.473,25342,0,25342,25342,0,0,0,0,0,0,0,0,0,0,0,0,0,0,0,0,nonTOR
10.8.0.14,32818,173.194.121.5,443,6,31492,0,635.081.925.568,31492,0,31492,31492,0,0,0,0,0,0,0,0,0,0,0,0,0,0,0,0,nonTOR
10.8.0.14,34564,173.194.123.8,443,6,25226,0,792.832.791.564,25226,0,25226,25226,0,0,0,0,0,0,0,0,0,0,0,0,0,0,0,0,nonTOR
10.8.0.14,57281,173.194.207.188,5228,6,39275,0,509.229.789.943,39275,0,39275,39275,0,0,0,0,0,0,0,0,0,0,0,0,0,0,0,0,nonTOR
10.8.0.14,57281,173.194.207.188,5228,6,39046,0,512.216.360.191,39046,0,39046,39046,0,0,0,0,0,0,0,0,0,0,0,0,0,0,0,0,nonTOR
10.8.0.14,57281,173.194.207.188,5228,6,38992,0,512.925.728.355,38992,0,38992,38992,0,0,0,0,0,0,0,0,0,0,0,0,0,0,0,0,nonTOR
10.8.0.14,43655,173.194.123.15,443,6,25466,0,785.360.873.321,25466,0,25466,25466,0,0,0,0,0,0,0,0,0,0,0,0,0,0,0,0,nonTOR
10.8.0.14,57281,173.194.207.188,5228,6,39059,0,512.045.879.311,39059,0,39059,39059,0,0,0,0,0,0,0,0,0,0,0,0,0,0,0,0,nonTOR
10.8.0.14,43655,173.194.123.15,443,6,25437,0,786.256.240.909,25437,0,25437,25437,0,0,0,0,0,0,0,0,0,0,0,0,0,0,0,0,nonTOR
10.8.0.14,57281,173.194.207.188,5228,6,39030,0,512.426.338.714,39030,0,39030,39030,0,0,0,0,0,0,0,0,0,0,0,0,0,0,0,0,nonTOR
10.8.0.14,43655,173.194.123.15,443,6,25347,0,789.048.013.572,25347,0,25347,25347,0,0,0,0,0,0,0,0,0,0,0,0,0,0,0,0,nonTOR
10.8.0.14,57281,173.194.207.188,5228,6,49617,0,40.308.765.141,49617,0,49617,49617,0,0,0,0,0,0,0,0,0,0,0,0,0,0,0,0,nonTOR
10.8.0.14,43655,173.194.123.15,443,6,25292,0,790.763.877.906,25292,0,25292,25292,0,0,0,0,0,0,0,0,0,0,0,0,0,0,0,0,nonTOR
10.8.0.14,43655,173.194.123.15,443,6,25451,0,785.823.739.735,25451,0,25451,25451,0,0,0,0,0,0,0,0,0,0,0,0,0,0,0,0,nonTOR
10.8.0.14,57281,173.194.207.188,5228,6,39843,0,501.970.233.165,39843,0,39843,39843,0,0,0,0,0,0,0,0,0,0,0,0,0,0,0,0,nonTOR
10.8.0.14,57281,173.194.207.188,5228,6,39014,0,512.636.489.465,39014,0,39014,39014,0,0,0,0,0,0,0,0,0,0,0,0,0,0,0,0,nonTOR
10.8.0.14,57281,173.194.207.188,5228,6,38865,0,514.601.826.836,38865,0,38865,38865,0,0,0,0,0,0,0,0,0,0,0,0,0,0,0,0,nonTOR
10.8.0.14,57281,173.194.207.188,5228,6,39048,0,512.190.124.974,39048,0,39048,39048,0,0,0,0,0,0,0,0,0,0,0,0,0,0,0,0,nonTOR
10.8.0.14,57281,173.194.207.188,5228,6,38974,0,513.162.621.235,38974,0,38974,38974,0,0,0,0,0,0,0,0,0,0,0,0,0,0,0,0,nonTOR
10.8.0.14,57281,173.194.207.188,5228,6,40046,0,49.942.566.049,40046,0,40046,40046,0,0,0,0,0,0,0,0,0,0,0,0,0,0,0,0,nonTOR
10.8.0.14,57281,173.194.207.188,5228,6,39321,0,508.634.063.223,39321,0,39321,39321,0,0,0,0,0,0,0,0,0,0,0,0,0,0,0,0,nonTOR
10.8.0.14,57281,173.194.207.188,5228,6,39012,0,51.266.277.043,39012,0,39012,39012,0,0,0,0,0,0,0,0,0,0,0,0,0,0,0,0,nonTOR
10.8.0.14,57281,173.194.207.188,5228,6,39105,0,511.443.549.418,39105,0,39105,39105,0,0,0,0,0,0,0,0,0,0,0,0,0,0,0,0,nonTOR
10.8.0.14,57281,173.194.207.188,5228,6,39118,0,511.273.582.494,39118,0,39118,39118,0,0,0,0,0,0,0,0,0,0,0,0,0,0,0,0,nonTOR
10.8.0.14,57281,173.194.207.188,5228,6,39895,0,50.131.595.438,39895,0,39895,39895,0,0,0,0,0,0,0,0,0,0,0,0,0,0,0,0,nonTOR
10.8.0.14,57281,173.194.207.188,5228,6,39083,0,511.731.443.339,39083,0,39083,39083,0,0,0,0,0,0,0,0,0,0,0,0,0,0,0,0,nonTOR
10.8.0.14,54065,173.194.123.5,443,6,25412,0,787.029.749.725,25412,0,25412,25412,0,0,0,0,0,0,0,0,0,0,0,0,0,0,0,0,nonTOR
10.8.0.14,57281,173.194.207.188,5228,6,39170,0,510.594.842.992,39170,0,39170,39170,0,0,0,0,0,0,0,0,0,0,0,0,0,0,0,0,nonTOR
10.8.0.14,54065,173.194.123.5,443,6,25139,0,795.576.594.137,25139,0,25139,25139,0,0,0,0,0,0,0,0,0,0,0,0,0,0,0,0,nonTOR
10.8.0.14,57281,173.194.207.188,5228,6,39060,0,512.032.770.097,39060,0,39060,39060,0,0,0,0,0,0,0,0,0,0,0,0,0,0,0,0,nonTOR
10.8.0.14,54065,173.194.123.5,443,6,25466,0,785.360.873.321,25466,0,25466,25466,0,0,0,0,0,0,0,0,0,0,0,0,0,0,0,0,nonTOR
10.8.0.14,57281,173.194.207.188,5228,6,38854,0,514.747.516.343,38854,0,38854,38854,0,0,0,0,0,0,0,0,0,0,0,0,0,0,0,0,nonTOR
10.8.0.14,54065,173.194.123.5,443,6,25313,0,790.107.849.721,25313,0,25313,25313,0,0,0,0,0,0,0,0,0,0,0,0,0,0,0,0,nonTOR
10.8.0.14,54065,173.194.123.5,443,6,25206,0,793.461.874.157,25206,0,25206,25206,0,0,0,0,0,0,0,0,0,0,0,0,0,0,0,0,nonTOR
10.8.0.14,57281,173.194.207.188,5228,6,38974,0,513.162.621.235,38974,0,38974,38974,0,0,0,0,0,0,0,0,0,0,0,0,0,0,0,0,nonTOR
10.8.0.14,57281,173.194.207.188,5228,6,38914,0,513.953.846.945,38914,0,38914,38914,0,0,0,0,0,0,0,0,0,0,0,0,0,0,0,0,nonTOR
10.8.0.14,45309,173.194.123.23,443,6,25297,0,790.607.581.927,25297,0,25297,25297,0,0,0,0,0,0,0,0,0,0,0,0,0,0,0,0,nonTOR
10.8.0.14,57281,173.194.207.188,5228,6,38683,0,517.022.981.672,38683,0,38683,38683,0,0,0,0,0,0,0,0,0,0,0,0,0,0,0,0,nonTOR
10.8.0.14,45309,173.194.123.23,443,6,25323,0,789.795.837.776,25323,0,25323,25323,0,0,0,0,0,0,0,0,0,0,0,0,0,0,0,0,nonTOR
10.8.0.14,57281,173.194.207.188,5228,6,38928,0,513.769.009.453,38928,0,38928,38928,0,0,0,0,0,0,0,0,0,0,0,0,0,0,0,0,nonTOR
10.8.0.14,45309,173.194.123.23,443,6,25294,0,790.701.352.099,25294,0,25294,25294,0,0,0,0,0,0,0,0,0,0,0,0,0,0,0,0,nonTOR
10.8.0.14,57281,173.194.207.188,5228,6,38744,0,516.208.961.388,38744,0,38744,38744,0,0,0,0,0,0,0,0,0,0,0,0,0,0,0,0,nonTOR
10.8.0.14,45309,173.194.123.23,443,6,25410,0,787.091.696.183,25410,0,25410,25410,0,0,0,0,0,0,0,0,0,0,0,0,0,0,0,0,nonTOR
10.8.0.14,45309,173.194.123.23,443,6,25342,0,789.203.693.473,25342,0,25342,25342,0,0,0,0,0,0,0,0,0,0,0,0,0,0,0,0,nonTOR
10.8.0.14,60188,74.125.226.0,80,6,25332,0,789.515.237.644,25332,0,25332,25332,0,0,0,0,0,0,0,0,0,0,0,0,0,0,0,0,nonTOR
10.8.0.14,60188,74.125.226.0,80,6,25424,0,786.658.275.645,25424,0,25424,25424,0,0,0,0,0,0,0,0,0,0,0,0,0,0,0,0,nonTOR
10.8.0.14,57281,173.194.207.188,5228,6,38970,0,513.215.293.816,38970,0,38970,38970,0,0,0,0,0,0,0,0,0,0,0,0,0,0,0,0,nonTOR
10.8.0.14,60188,74.125.226.0,80,6,25350,0,788.954.635.108,25350,0,25350,25350,0,0,0,0,0,0,0,0,0,0,0,0,0,0,0,0,nonTOR
10.8.0.14,60188,74.125.226.0,80,6,25289,0,79.085.768.516,25289,0,25289,25289,0,0,0,0,0,0,0,0,0,0,0,0,0,0,0,0,nonTOR
10.8.0.14,60188,74.125.226.0,80,6,25470,0,785.237.534.354,25470,0,25470,25470,0,0,0,0,0,0,0,0,0,0,0,0,0,0,0,0,nonTOR
10.8.0.14,60188,74.125.226.0,80,6,25504,0,784.190.715.182,25504,0,25504,25504,0,0,0,0,0,0,0,0,0,0,0,0,0,0,0,0,nonTOR
10.8.0.14,57281,173.194.207.188,5228,6,38827,0,515.105.467.845,38827,0,38827,38827,0,0,0,0,0,0,0,0,0,0,0,0,0,0,0,0,nonTOR
10.8.0.14,60188,74.125.226.0,80,6,25301,0,790.482.589.621,25301,0,25301,25301,0,0,0,0,0,0,0,0,0,0,0,0,0,0,0,0,nonTOR
10.8.0.14,60188,74.125.226.0,80,6,25207,0,793.430.396.318,25207,0,25207,25207,0,0,0,0,0,0,0,0,0,0,0,0,0,0,0,0,nonTOR
10.8.0.14,60188,74.125.226.0,80,6,25348,0,789.016.884.961,25348,0,25348,25348,0,0,0,0,0,0,0,0,0,0,0,0,0,0,0,0,nonTOR
10.8.0.14,60188,74.125.226.0,80,6,25509,0,784.037.006.547,25509,0,25509,25509,0,0,0,0,0,0,0,0,0,0,0,0,0,0,0,0,nonTOR
10.8.0.14,60188,74.125.226.0,80,6,4858437,0,0.6174825361,2429218.5,339.971.778.514.989,4833182,25255,4858437,0,4858437,4858437,0,0,0,0,0,0,0,0,0,0,0,0,nonTOR
10.8.0.14,57281,173.194.207.188,5228,6,38698,0,51.682.257.481,38698,0,38698,38698,0,0,0,0,0,0,0,0,0,0,0,0,0,0,0,0,nonTOR
10.8.0.14,57281,173.194.207.188,5228,6,38699,0,516.809.219.876,38699,0,38699,38699,0,0,0,0,0,0,0,0,0,0,0,0,0,0,0,0,nonTOR
10.8.0.14,57281,173.194.207.188,5228,6,38793,0,515.556.930.374,38793,0,38793,38793,0,0,0,0,0,0,0,0,0,0,0,0,0,0,0,0,nonTOR
10.8.0.14,57281,173.194.207.188,5228,6,38759,0,516.009.184.963,38759,0,38759,38759,0,0,0,0,0,0,0,0,0,0,0,0,0,0,0,0,nonTOR
10.8.0.14,57281,173.194.207.188,5228,6,39486,0,506.508.635.972,39486,0,39486,39486,0,0,0,0,0,0,0,0,0,0,0,0,0,0,0,0,nonTOR
10.8.0.14,57281,173.194.207.188,5228,6,38801,0,515.450.632.716,38801,0,38801,38801,0,0,0,0,0,0,0,0,0,0,0,0,0,0,0,0,nonTOR
10.8.0.14,46103,74.125.226.9,443,6,7008759,0,0.5707144446,2336253,153.286.237.839.899,4007992,996763,2336253,153.286.237.839.899,4007992,996763,0,0,0,0,0,0,0,0,0,0,0,0,nonTOR
10.8.0.14,57281,173.194.207.188,5228,6,38896,0,514.191.690.662,38896,0,38896,38896,0,0,0,0,0,0,0,0,0,0,0,0,0,0,0,0,nonTOR
10.8.0.14,57281,173.194.207.188,5228,6,38787,0,515.636.682.394,38787,0,38787,38787,0,0,0,0,0,0,0,0,0,0,0,0,0,0,0,0,nonTOR
10.8.0.14,57281,173.194.207.188,5228,6,38764,0,51.594.262.718,38764,0,38764,38764,0,0,0,0,0,0,0,0,0,0,0,0,0,0,0,0,nonTOR
10.8.0.14,39952,216.58.219.238,443,6,25825,0,774.443.368.829,25825,0,25825,25825,0,0,0,0,0,0,0,0,0,0,0,0,0,0,0,0,nonTOR
10.8.0.14,57281,173.194.207.188,5228,6,38971,0,513.202.124.657,38971,0,38971,38971,0,0,0,0,0,0,0,0,0,0,0,0,0,0,0,0,nonTOR
10.8.0.14,39952,216.58.219.238,443,6,25871,0,773.066.367.748,25871,0,25871,25871,0,0,0,0,0,0,0,0,0,0,0,0,0,0,0,0,nonTOR
10.8.0.14,39955,216.58.219.238,443,6,25941,0,770.980.301.453,25941,0,25941,25941,0,0,0,0,0,0,0,0,0,0,0,0,0,0,0,0,nonTOR
10.8.0.14,57281,173.194.207.188,5228,6,38656,0,51.738.410.596,38656,0,38656,38656,0,0,0,0,0,0,0,0,0,0,0,0,0,0,0,0,nonTOR
10.8.0.14,39952,216.58.219.238,443,6,25848,0,773.754.255.648,25848,0,25848,25848,0,0,0,0,0,0,0,0,0,0,0,0,0,0,0,0,nonTOR
10.8.0.14,39955,216.58.219.238,443,6,25976,0,769.941.484.447,25976,0,25976,25976,0,0,0,0,0,0,0,0,0,0,0,0,0,0,0,0,nonTOR
10.8.0.14,57281,173.194.207.188,5228,6,38750,0,516.129.032.258,38750,0,38750,38750,0,0,0,0,0,0,0,0,0,0,0,0,0,0,0,0,nonTOR
10.8.0.14,39952,216.58.219.238,443,6,28173,0,709.899.549.214,28173,0,28173,28173,0,0,0,0,0,0,0,0,0,0,0,0,0,0,0,0,nonTOR
10.8.0.14,39952,216.58.219.238,443,6,25855,0,773.544.768.904,25855,0,25855,25855,0,0,0,0,0,0,0,0,0,0,0,0,0,0,0,0,nonTOR
10.8.0.14,53868,173.194.123.105,443,6,26399,0,757.604.454.714,26399,0,26399,26399,0,0,0,0,0,0,0,0,0,0,0,0,0,0,0,0,nonTOR
10.8.0.14,39955,216.58.219.238,443,6,25971,0,770.089.715.452,25971,0,25971,25971,0,0,0,0,0,0,0,0,0,0,0,0,0,0,0,0,nonTOR
10.8.0.14,57281,173.194.207.188,5228,6,38629,0,51.774.573.507,38629,0,38629,38629,0,0,0,0,0,0,0,0,0,0,0,0,0,0,0,0,nonTOR
10.8.0.14,53868,173.194.123.105,443,6,25527,0,783.484.154.033,25527,0,25527,25527,0,0,0,0,0,0,0,0,0,0,0,0,0,0,0,0,nonTOR
10.8.0.14,39955,216.58.219.238,443,6,26522,0,754.090.943.368,26522,0,26522,26522,0,0,0,0,0,0,0,0,0,0,0,0,0,0,0,0,nonTOR
10.8.0.14,57281,173.194.207.188,5228,6,38816,0,515.251.442.704,38816,0,38816,38816,0,0,0,0,0,0,0,0,0,0,0,0,0,0,0,0,nonTOR
10.8.0.14,39955,216.58.219.238,443,6,25877,0,772.887.119.836,25877,0,25877,25877,0,0,0,0,0,0,0,0,0,0,0,0,0,0,0,0,nonTOR
10.8.0.14,53868,173.194.123.105,443,6,25573,0,782.074.844.563,25573,0,25573,25573,0,0,0,0,0,0,0,0,0,0,0,0,0,0,0,0,nonTOR
10.8.0.14,57281,173.194.207.188,5228,6,38716,0,516.582.291.559,38716,0,38716,38716,0,0,0,0,0,0,0,0,0,0,0,0,0,0,0,0,nonTOR
10.8.0.14,46387,216.58.219.227,443,6,25835,0,774.143.603.638,25835,0,25835,25835,0,0,0,0,0,0,0,0,0,0,0,0,0,0,0,0,nonTOR
10.8.0.14,53868,173.194.123.105,443,6,25429,0,786.503.598.254,25429,0,25429,25429,0,0,0,0,0,0,0,0,0,0,0,0,0,0,0,0,nonTOR
10.8.0.14,53868,173.194.123.105,443,6,25469,0,785.268.365.464,25469,0,25469,25469,0,0,0,0,0,0,0,0,0,0,0,0,0,0,0,0,nonTOR
10.8.0.14,57281,173.194.207.188,5228,6,38588,0,518.295.843.267,38588,0,38588,38588,0,0,0,0,0,0,0,0,0,0,0,0,0,0,0,0,nonTOR
10.8.0.14,46387,216.58.219.227,443,6,25855,0,773.544.768.904,25855,0,25855,25855,0,0,0,0,0,0,0,0,0,0,0,0,0,0,0,0,nonTOR
10.8.0.14,57281,173.194.207.188,5228,6,38533,0,519.035.631.796,38533,0,38533,38533,0,0,0,0,0,0,0,0,0,0,0,0,0,0,0,0,nonTOR
10.8.0.14,46387,216.58.219.227,443,6,25821,0,774.563.339.917,25821,0,25821,25821,0,0,0,0,0,0,0,0,0,0,0,0,0,0,0,0,nonTOR
10.8.0.14,57281,173.194.207.188,5228,6,38907,0,514.046.315.573,38907,0,38907,38907,0,0,0,0,0,0,0,0,0,0,0,0,0,0,0,0,nonTOR
10.8.0.14,46387,216.58.219.227,443,6,26784,0,746.714.456.392,26784,0,26784,26784,0,0,0,0,0,0,0,0,0,0,0,0,0,0,0,0,nonTOR
10.8.0.14,46387,216.58.219.227,443,6,25828,0,774.353.414.899,25828,0,25828,25828,0,0,0,0,0,0,0,0,0,0,0,0,0,0,0,0,nonTOR
10.8.0.14,57281,173.194.207.188,5228,6,39016,0,512.610.211.195,39016,0,39016,39016,0,0,0,0,0,0,0,0,0,0,0,0,0,0,0,0,nonTOR
10.8.0.14,57281,173.194.207.188,5228,6,38720,0,51.652.892.562,38720,0,38720,38720,0,0,0,0,0,0,0,0,0,0,0,0,0,0,0,0,nonTOR
10.8.0.14,57281,173.194.207.188,5228,6,38717,0,51.656.894.904,38717,0,38717,38717,0,0,0,0,0,0,0,0,0,0,0,0,0,0,0,0,nonTOR
10.8.0.14,57281,173.194.207.188,5228,6,38691,0,516.916.078.675,38691,0,38691,38691,0,0,0,0,0,0,0,0,0,0,0,0,0,0,0,0,nonTOR
10.8.0.14,57281,173.194.207.188,5228,6,38564,0,518.618.400.581,38564,0,38564,38564,0,0,0,0,0,0,0,0,0,0,0,0,0,0,0,0,nonTOR
10.8.0.14,57281,173.194.207.188,5228,6,39822,0,502.234.945.508,39822,0,39822,39822,0,0,0,0,0,0,0,0,0,0,0,0,0,0,0,0,nonTOR
10.8.0.14,57281,173.194.207.188,5228,6,39227,0,509.852.907.436,39227,0,39227,39227,0,0,0,0,0,0,0,0,0,0,0,0,0,0,0,0,nonTOR
10.8.0.14,57281,173.194.207.188,5228,6,38791,0,515.583.511.639,38791,0,38791,38791,0,0,0,0,0,0,0,0,0,0,0,0,0,0,0,0,nonTOR
10.8.0.14,57281,173.194.207.188,5228,6,38728,0,516.422.226.813,38728,0,38728,38728,0,0,0,0,0,0,0,0,0,0,0,0,0,0,0,0,nonTOR
10.8.0.14,57281,173.194.207.188,5228,6,38976,0,513.136.288.998,38976,0,38976,38976,0,0,0,0,0,0,0,0,0,0,0,0,0,0,0,0,nonTOR
10.8.0.14,57281,173.194.207.188,5228,6,38851,0,514.787.264.163,38851,0,38851,38851,0,0,0,0,0,0,0,0,0,0,0,0,0,0,0,0,nonTOR
10.8.0.14,57281,173.194.207.188,5228,6,38780,0,515.729.757.607,38780,0,38780,38780,0,0,0,0,0,0,0,0,0,0,0,0,0,0,0,0,nonTOR
10.8.0.14,57281,173.194.207.188,5228,6,38791,0,515.583.511.639,38791,0,38791,38791,0,0,0,0,0,0,0,0,0,0,0,0,0,0,0,0,nonTOR
10.8.0.14,57281,173.194.207.188,5228,6,38793,0,515.556.930.374,38793,0,38793,38793,0,0,0,0,0,0,0,0,0,0,0,0,0,0,0,0,nonTOR
10.8.0.14,39987,216.58.219.238,443,6,26027,0,768.432.781.342,26027,0,26027,26027,0,0,0,0,0,0,0,0,0,0,0,0,0,0,0,0,nonTOR
10.8.0.14,57281,173.194.207.188,5228,6,38816,0,515.251.442.704,38816,0,38816,38816,0,0,0,0,0,0,0,0,0,0,0,0,0,0,0,0,nonTOR
10.8.0.14,39987,216.58.219.238,443,6,26115,0,765.843.385.028,26115,0,26115,26115,0,0,0,0,0,0,0,0,0,0,0,0,0,0,0,0,nonTOR
10.8.0.14,57281,173.194.207.188,5228,6,38814,0,515.277.992.477,38814,0,38814,38814,0,0,0,0,0,0,0,0,0,0,0,0,0,0,0,0,nonTOR
10.8.0.14,46417,216.58.219.227,443,6,25979,0,769.852.573.232,25979,0,25979,25979,0,0,0,0,0,0,0,0,0,0,0,0,0,0,0,0,nonTOR
10.8.0.14,39987,216.58.219.238,443,6,26032,0,768.285.187.462,26032,0,26032,26032,0,0,0,0,0,0,0,0,0,0,0,0,0,0,0,0,nonTOR
10.8.0.14,57281,173.194.207.188,5228,6,39072,0,511.875.511.876,39072,0,39072,39072,0,0,0,0,0,0,0,0,0,0,0,0,0,0,0,0,nonTOR
10.8.0.14,46417,216.58.219.227,443,6,26702,0,749.007.564.976,26702,0,26702,26702,0,0,0,0,0,0,0,0,0,0,0,0,0,0,0,0,nonTOR
10.8.0.14,39987,216.58.219.238,443,6,26033,0,768.255.675.489,26033,0,26033,26033,0,0,0,0,0,0,0,0,0,0,0,0,0,0,0,0,nonTOR
10.8.0.14,57281,173.194.207.188,5228,6,38885,0,514.337.148.001,38885,0,38885,38885,0,0,0,0,0,0,0,0,0,0,0,0,0,0,0,0,nonTOR
10.8.0.14,39987,216.58.219.238,443,6,26011,0,768.905.463.073,26011,0,26011,26011,0,0,0,0,0,0,0,0,0,0,0,0,0,0,0,0,nonTOR
10.8.0.14,33215,216.58.219.237,443,6,26071,0,767.135.898.124,26071,0,26071,26071,0,0,0,0,0,0,0,0,0,0,0,0,0,0,0,0,nonTOR
10.8.0.14,39996,216.58.219.238,443,6,25871,0,773.066.367.748,25871,0,25871,25871,0,0,0,0,0,0,0,0,0,0,0,0,0,0,0,0,nonTOR
10.8.0.14,46417,216.58.219.227,443,6,26448,0,756.200.846.945,26448,0,26448,26448,0,0,0,0,0,0,0,0,0,0,0,0,0,0,0,0,nonTOR
10.8.0.14,57281,173.194.207.188,5228,6,38924,0,513.821.806.597,38924,0,38924,38924,0,0,0,0,0,0,0,0,0,0,0,0,0,0,0,0,nonTOR
10.8.0.14,33015,216.58.219.237,443,6,25986,0,769.645.193.566,25986,0,25986,25986,0,0,0,0,0,0,0,0,0,0,0,0,0,0,0,0,nonTOR
10.8.0.14,53868,173.194.123.105,443,6,25614,0,780.822.987.429,25614,0,25614,25614,0,0,0,0,0,0,0,0,0,0,0,0,0,0,0,0,nonTOR
10.8.0.14,39952,216.58.219.238,443,6,28181,0,709.698.023.491,28181,0,28181,28181,0,0,0,0,0,0,0,0,0,0,0,0,0,0,0,0,nonTOR
10.8.0.14,57281,173.194.207.188,5228,6,39090,0,511.639.805.577,39090,0,39090,39090,0,0,0,0,0,0,0,0,0,0,0,0,0,0,0,0,nonTOR
10.8.0.14,32818,173.194.121.5,443,6,31308,0,638.814.360.547,31308,0,31308,31308,0,0,0,0,0,0,0,0,0,0,0,0,0,0,0,0,nonTOR
10.8.0.14,54065,173.194.123.5,443,6,25276,0,791.264.440.576,25276,0,25276,25276,0,0,0,0,0,0,0,0,0,0,0,0,0,0,0,0,nonTOR
10.8.0.14,43655,173.194.123.15,443,6,25221,0,792.989.968.677,25221,0,25221,25221,0,0,0,0,0,0,0,0,0,0,0,0,0,0,0,0,nonTOR
10.8.0.14,46417,216.58.219.227,443,6,25848,0,773.754.255.648,25848,0,25848,25848,0,0,0,0,0,0,0,0,0,0,0,0,0,0,0,0,nonTOR
10.8.0.14,45309,173.194.123.23,443,6,25357,0,788.736.837.954,25357,0,25357,25357,0,0,0,0,0,0,0,0,0,0,0,0,0,0,0,0,nonTOR
10.8.0.14,46387,216.58.219.227,443,6,25956,0,770.534.751.117,25956,0,25956,25956,0,0,0,0,0,0,0,0,0,0,0,0,0,0,0,0,nonTOR
10.8.0.14,53933,173.194.123.5,443,6,25401,0,787.370.575.962,25401,0,25401,25401,0,0,0,0,0,0,0,0,0,0,0,0,0,0,0,0,nonTOR
10.8.0.14,39987,216.58.219.238,443,6,25876,0,772.916.988.715,25876,0,25876,25876,0,0,0,0,0,0,0,0,0,0,0,0,0,0,0,0,nonTOR
10.8.0.14,39955,216.58.219.238,443,6,25785,0,775.644.754.702,25785,0,25785,25785,0,0,0,0,0,0,0,0,0,0,0,0,0,0,0,0,nonTOR
10.8.0.14,33215,216.58.219.237,443,6,25941,0,770.980.301.453,25941,0,25941,25941,0,0,0,0,0,0,0,0,0,0,0,0,0,0,0,0,nonTOR
10.8.0.14,34564,173.194.123.8,443,6,25215,0,793.178.663.494,25215,0,25215,25215,0,0,0,0,0,0,0,0,0,0,0,0,0,0,0,0,nonTOR
10.8.0.14,39996,216.58.219.238,443,6,25922,0,771.545.405.447,25922,0,25922,25922,0,0,0,0,0,0,0,0,0,0,0,0,0,0,0,0,nonTOR
10.8.0.6,47317,23.23.138.128,443,6,56054,0,356.798.801.156,56054,0,56054,56054,0,0,0,0,0,0,0,0,0,0,0,0,0,0,0,0,nonTOR
10.8.0.6,47313,23.23.138.128,443,6,56129,0,356.322.043.863,56129,0,56129,56129,0,0,0,0,0,0,0,0,0,0,0,0,0,0,0,0,nonTOR
10.8.0.6,47314,23.23.138.128,443,6,56004,0,357.117.348.761,56004,0,56004,56004,0,0,0,0,0,0,0,0,0,0,0,0,0,0,0,0,nonTOR
10.8.0.6,47316,23.23.138.128,443,6,56184,0,355.973.230.813,56184,0,56184,56184,0,0,0,0,0,0,0,0,0,0,0,0,0,0,0,0,nonTOR
10.8.0.6,47315,23.23.138.128,443,6,55886,0,357.871.381.026,55886,0,55886,55886,0,0,0,0,0,0,0,0,0,0,0,0,0,0,0,0,nonTOR
10.8.0.6,47318,23.23.138.128,443,6,56406,0,35.457.220.863,56406,0,56406,56406,0,0,0,0,0,0,0,0,0,0,0,0,0,0,0,0,nonTOR
10.8.0.6,47317,23.23.138.128,443,6,4856311,0,0.4118352387,4856311,0,4856311,4856311,4856311,0,4856311,4856311,0,0,0,0,0,0,0,0,0,0,0,0,nonTOR
10.8.0.6,47314,23.23.138.128,443,6,4856544,0,0.4118154803,4856544,0,4856544,4856544,4856544,0,4856544,4856544,0,0,0,0,0,0,0,0,0,0,0,0,nonTOR
10.8.0.6,47315,23.23.138.128,443,6,4856684,0,0.4118036092,4856684,0,4856684,4856684,4856684,0,4856684,4856684,0,0,0,0,0,0,0,0,0,0,0,0,nonTOR
10.8.0.6,47316,23.23.138.128,443,6,4856792,0,0.411794452,4856792,0,4856792,4856792,4856792,0,4856792,4856792,0,0,0,0,0,0,0,0,0,0,0,0,nonTOR
10.8.0.6,47313,23.23.138.128,443,6,4856957,0,0.4117804625,4856957,0,4856957,4856957,4856957,0,4856957,4856957,0,0,0,0,0,0,0,0,0,0,0,0,nonTOR
10.8.0.6,47318,23.23.138.128,443,6,4857044,0,0.4117730867,4857044,0,4857044,4857044,4857044,0,4857044,4857044,0,0,0,0,0,0,0,0,0,0,0,0,nonTOR
10.8.0.6,51801,74.125.226.175,443,6,25476,0,785.052.598.524,25476,0,25476,25476,0,0,0,0,0,0,0,0,0,0,0,0,0,0,0,0,nonTOR
10.8.0.6,42357,173.194.123.111,443,6,25637,0,780.122.479.229,25637,0,25637,25637,0,0,0,0,0,0,0,0,0,0,0,0,0,0,0,0,nonTOR
10.8.0.6,47987,173.194.207.188,5228,6,38900,0,514.138.817.481,38900,0,38900,38900,0,0,0,0,0,0,0,0,0,0,0,0,0,0,0,0,nonTOR
10.8.0.6,60778,74.125.226.185,80,6,25569,0,782.197.191.912,25569,0,25569,25569,0,0,0,0,0,0,0,0,0,0,0,0,0,0,0,0,nonTOR
10.8.0.6,52206,74.125.226.186,80,6,25711,0,777.877.173.194,25711,0,25711,25711,0,0,0,0,0,0,0,0,0,0,0,0,0,0,0,0,nonTOR
10.8.0.6,60199,54.230.52.98,80,6,25258,0,791.828.331.618,25258,0,25258,25258,0,0,0,0,0,0,0,0,0,0,0,0,0,0,0,0,nonTOR
10.8.0.6,35990,199.16.156.201,443,6,73371,0,272.587.261.997,73371,0,73371,73371,0,0,0,0,0,0,0,0,0,0,0,0,0,0,0,0,nonTOR
10.8.0.6,38945,209.148.205.19,80,6,22148,0,903.016.073.686,22148,0,22148,22148,0,0,0,0,0,0,0,0,0,0,0,0,0,0,0,0,nonTOR
10.8.0.6,57025,173.194.123.121,80,6,25607,0,78.103.643.535,25607,0,25607,25607,0,0,0,0,0,0,0,0,0,0,0,0,0,0,0,0,nonTOR
10.8.0.6,37179,8.18.45.80,443,6,55417,0,360.900.084.812,55417,0,55417,55417,0,0,0,0,0,0,0,0,0,0,0,0,0,0,0,0,nonTOR
10.8.0.6,42967,149.174.28.138,80,6,53086,0,376.747.164.978,53086,0,53086,53086,0,0,0,0,0,0,0,0,0,0,0,0,0,0,0,0,nonTOR
10.8.0.6,35584,23.195.218.247,443,6,30612,0,653.338.560.042,30612,0,30612,30612,0,0,0,0,0,0,0,0,0,0,0,0,0,0,0,0,nonTOR
10.8.0.6,37646,74.125.226.187,80,6,26354,0,758.898.079.988,26354,0,26354,26354,0,0,0,0,0,0,0,0,0,0,0,0,0,0,0,0,nonTOR
10.8.0.6,50127,72.39.249.200,18990,6,45426,0,660.414.740.457,22713,320.135.524.114.398,45350,76,0,0,0,0,76,0,76,76,0,0,0,0,0,0,0,0,nonTOR
10.8.0.6,57411,72.11.163.216,56230,6,52319,0,573.405.454.997,26159.5,299.876.914.833.403,47364,4955,0,0,0,0,4955,0,4955,4955,0,0,0,0,0,0,0,0,nonTOR
10.8.0.6,51338,97.89.116.200,29810,6,80174,0,374.186.145.134,40087,565.982.409.797.336,80108,66,0,0,0,0,66,0,66,66,0,0,0,0,0,0,0,0,nonTOR
10.8.0.6,41378,174.4.162.172,57397,6,87047,0,344.641.400.623,43523.5,614.525.290.325.793,86977,70,0,0,0,0,70,0,70,70,0,0,0,0,0,0,0,0,nonTOR
10.8.0.6,47550,173.194.123.122,80,6,25679,0,778.846.528.292,25679,0,25679,25679,0,0,0,0,0,0,0,0,0,0,0,0,0,0,0,0,nonTOR
10.8.0.6,37649,74.125.226.187,80,6,25682,0,778.755.548.633,25682,0,25682,25682,0,0,0,0,0,0,0,0,0,0,0,0,0,0,0,0,nonTOR
10.8.0.6,50252,74.125.22.157,443,6,39534,0,505.893.661.152,39534,0,39534,39534,0,0,0,0,0,0,0,0,0,0,0,0,0,0,0,0,nonTOR
10.8.0.6,49049,54.231.17.48,80,6,55624,0,359.557.025.744,55624,0,55624,55624,0,0,0,0,0,0,0,0,0,0,0,0,0,0,0,0,nonTOR
10.8.0.6,37507,209.148.205.33,80,6,22068,0,906.289.650.172,22068,0,22068,22068,0,0,0,0,0,0,0,0,0,0,0,0,0,0,0,0,nonTOR
10.8.0.6,52205,74.125.226.186,80,6,25646,0,77.984.870.935,25646,0,25646,25646,0,0,0,0,0,0,0,0,0,0,0,0,0,0,0,0,nonTOR
10.8.0.6,55202,64.233.178.94,80,6,55207,0,362.272.900.176,55207,0,55207,55207,0,0,0,0,0,0,0,0,0,0,0,0,0,0,0,0,nonTOR
10.8.0.6,55200,64.233.178.94,80,6,54681,0,365.757.758.636,54681,0,54681,54681,0,0,0,0,0,0,0,0,0,0,0,0,0,0,0,0,nonTOR
10.8.0.6,55197,64.233.178.94,80,6,54684,0,365.737.692.927,54684,0,54684,54684,0,0,0,0,0,0,0,0,0,0,0,0,0,0,0,0,nonTOR
10.8.0.6,55203,64.233.178.94,80,6,54613,0,366.213.172.688,54613,0,54613,54613,0,0,0,0,0,0,0,0,0,0,0,0,0,0,0,0,nonTOR
10.8.0.6,55199,64.233.178.94,80,6,54609,0,36.623.999.707,54609,0,54609,54609,0,0,0,0,0,0,0,0,0,0,0,0,0,0,0,0,nonTOR
10.8.0.6,55201,64.233.178.94,80,6,54608,0,36.624.670.378,54608,0,54608,54608,0,0,0,0,0,0,0,0,0,0,0,0,0,0,0,0,nonTOR
10.8.0.6,58177,209.148.205.18,80,6,22333,0,895.535.754.265,22333,0,22333,22333,0,0,0,0,0,0,0,0,0,0,0,0,0,0,0,0,nonTOR
10.8.0.6,57032,173.194.123.121,80,6,25663,0,77.933.211.238,25663,0,25663,25663,0,0,0,0,0,0,0,0,0,0,0,0,0,0,0,0,nonTOR
10.8.0.6,52750,74.125.226.173,80,6,25658,0,779.483.981.604,25658,0,25658,25658,0,0,0,0,0,0,0,0,0,0,0,0,0,0,0,0,nonTOR
10.8.0.6,42844,141.219.235.176,60830,6,60763,0,493.721.508.155,30381.5,4.280.612.321.269,60650,113,0,0,0,0,113,0,113,113,0,0,0,0,0,0,0,0,nonTOR
10.8.0.6,48558,68.180.110.66,12732,6,91899,0,326.445.336.728,45949.5,642.837.845.844.502,91405,494,0,0,0,0,494,0,494,494,0,0,0,0,0,0,0,0,nonTOR
10.8.0.6,49515,178.211.244.196,27425,6,176364,0,170.102.742.056,88182,124.654.440.241.814,176326,38,0,0,0,0,38,0,38,38,0,0,0,0,0,0,0,0,nonTOR
10.8.0.6,49663,74.125.226.164,443,6,25633,0,78.024.421.644,25633,0,25633,25633,0,0,0,0,0,0,0,0,0,0,0,0,0,0,0,0,nonTOR
10.8.0.6,60199,54.230.52.98,80,6,27203,0,735.213.027.975,27203,0,27203,27203,0,0,0,0,0,0,0,0,0,0,0,0,0,0,0,0,nonTOR
10.8.0.6,60199,54.230.52.98,80,6,6409826,0,0.4680314255,3204913,447.593.642.743.616,6369878,39948,3204913,447.593.642.743.616,6369878,39948,0,0,0,0,0,0,0,0,0,0,0,0,nonTOR
10.8.0.6,51801,74.125.226.175,443,6,26021,0,768.609.968.871,26021,0,26021,26021,0,0,0,0,0,0,0,0,0,0,0,0,0,0,0,0,nonTOR
10.8.0.6,42357,173.194.123.111,443,6,27075,0,738.688.827.331,27075,0,27075,27075,0,0,0,0,0,0,0,0,0,0,0,0,0,0,0,0,nonTOR
10.8.0.6,47987,173.194.207.188,5228,6,38849,0,51.481.376.612,38849,0,38849,38849,0,0,0,0,0,0,0,0,0,0,0,0,0,0,0,0,nonTOR
10.8.0.6,60778,74.125.226.185,80,6,25495,0,784.467.542.655,25495,0,25495,25495,0,0,0,0,0,0,0,0,0,0,0,0,0,0,0,0,nonTOR
10.8.0.6,52206,74.125.226.186,80,6,27331,0,731.769.785.226,27331,0,27331,27331,0,0,0,0,0,0,0,0,0,0,0,0,0,0,0,0,nonTOR
10.8.0.6,35990,199.16.156.201,443,6,73391,0,272.512.978.431,73391,0,73391,73391,0,0,0,0,0,0,0,0,0,0,0,0,0,0,0,0,nonTOR
10.8.0.6,38945,209.148.205.19,80,6,22283,0,89.754.521.384,22283,0,22283,22283,0,0,0,0,0,0,0,0,0,0,0,0,0,0,0,0,nonTOR
10.8.0.6,57025,173.194.123.121,80,6,25661,0,779.392.852.968,25661,0,25661,25661,0,0,0,0,0,0,0,0,0,0,0,0,0,0,0,0,nonTOR
10.8.0.6,37179,8.18.45.80,443,6,56208,0,355.821.235.411,56208,0,56208,56208,0,0,0,0,0,0,0,0,0,0,0,0,0,0,0,0,nonTOR
10.8.0.6,42967,149.174.28.138,80,6,54334,0,368.093.643.023,54334,0,54334,54334,0,0,0,0,0,0,0,0,0,0,0,0,0,0,0,0,nonTOR
10.8.0.6,35584,23.195.218.247,443,6,30702,0,651.423.360.042,30702,0,30702,30702,0,0,0,0,0,0,0,0,0,0,0,0,0,0,0,0,nonTOR
10.8.0.6,37646,74.125.226.187,80,6,25520,0,783.699.059.561,25520,0,25520,25520,0,0,0,0,0,0,0,0,0,0,0,0,0,0,0,0,nonTOR
10.8.0.6,47550,173.194.123.122,80,6,25429,0,786.503.598.254,25429,0,25429,25429,0,0,0,0,0,0,0,0,0,0,0,0,0,0,0,0,nonTOR
10.8.0.6,37649,74.125.226.187,80,6,25722,0,777.544.514.423,25722,0,25722,25722,0,0,0,0,0,0,0,0,0,0,0,0,0,0,0,0,nonTOR
10.8.0.6,50252,74.125.22.157,443,6,39476,0,506.636.943.966,39476,0,39476,39476,0,0,0,0,0,0,0,0,0,0,0,0,0,0,0,0,nonTOR
10.8.0.6,49049,54.231.17.48,80,6,55363,0,361.252.099.778,55363,0,55363,55363,0,0,0,0,0,0,0,0,0,0,0,0,0,0,0,0,nonTOR
10.8.0.6,37507,209.148.205.33,80,6,22267,0,898.190.146.854,22267,0,22267,22267,0,0,0,0,0,0,0,0,0,0,0,0,0,0,0,0,nonTOR
10.8.0.6,52205,74.125.226.186,80,6,25763,0,776.307.107.092,25763,0,25763,25763,0,0,0,0,0,0,0,0,0,0,0,0,0,0,0,0,nonTOR
10.8.0.6,55202,64.233.178.94,80,6,55705,0,359.034.198.007,55705,0,55705,55705,0,0,0,0,0,0,0,0,0,0,0,0,0,0,0,0,nonTOR
10.8.0.6,55200,64.233.178.94,80,6,55500,0,36.036.036.036,55500,0,55500,55500,0,0,0,0,0,0,0,0,0,0,0,0,0,0,0,0,nonTOR
10.8.0.6,55197,64.233.178.94,80,6,54679,0,365.771.137,54679,0,54679,54679,0,0,0,0,0,0,0,0,0,0,0,0,0,0,0,0,nonTOR
10.8.0.6,55203,64.233.178.94,80,6,54762,0,365.216.756.145,54762,0,54762,54762,0,0,0,0,0,0,0,0,0,0,0,0,0,0,0,0,nonTOR
10.8.0.6,55199,64.233.178.94,80,6,54699,0,365.637.397.393,54699,0,54699,54699,0,0,0,0,0,0,0,0,0,0,0,0,0,0,0,0,nonTOR
10.8.0.6,55201,64.233.178.94,80,6,54769,0,365.170.077.964,54769,0,54769,54769,0,0,0,0,0,0,0,0,0,0,0,0,0,0,0,0,nonTOR
10.8.0.6,58177,209.148.205.18,80,6,22226,0,899.847.026.006,22226,0,22226,22226,0,0,0,0,0,0,0,0,0,0,0,0,0,0,0,0,nonTOR
10.8.0.6,57032,173.194.123.121,80,6,25600,0,78.125,25600,0,25600,25600,0,0,0,0,0,0,0,0,0,0,0,0,0,0,0,0,nonTOR
10.8.0.6,52750,74.125.226.173,80,6,25618,0,78.070.106.956,25618,0,25618,25618,0,0,0,0,0,0,0,0,0,0,0,0,0,0,0,0,nonTOR
10.8.0.6,49663,74.125.226.164,443,6,25632,0,780.274.656.679,25632,0,25632,25632,0,0,0,0,0,0,0,0,0,0,0,0,0,0,0,0,nonTOR
10.8.0.6,51801,74.125.226.175,443,6,25560,0,782.472.613.459,25560,0,25560,25560,0,0,0,0,0,0,0,0,0,0,0,0,0,0,0,0,nonTOR
10.8.0.6,37179,8.18.45.80,443,6,55160,0,362.581.580.856,55160,0,55160,55160,0,0,0,0,0,0,0,0,0,0,0,0,0,0,0,0,nonTOR
10.8.0.6,58256,91.190.218.125,12350,6,367049,0,81.732.956.635,183524.5,350.081.496.297.648,208279,158770,0,0,0,0,208279,0,208279,208279,0,0,0,0,0,0,0,0,nonTOR
10.8.0.6,42357,173.194.123.111,443,6,25436,0,786.287.152.068,25436,0,25436,25436,0,0,0,0,0,0,0,0,0,0,0,0,0,0,0,0,nonTOR
10.8.0.6,47987,173.194.207.188,5228,6,40040,0,499.500.499.501,40040,0,40040,40040,0,0,0,0,0,0,0,0,0,0,0,0,0,0,0,0,nonTOR
10.8.0.6,60778,74.125.226.185,80,6,25642,0,779.970.361.126,25642,0,25642,25642,0,0,0,0,0,0,0,0,0,0,0,0,0,0,0,0,nonTOR
10.8.0.6,52206,74.125.226.186,80,6,25689,0,778.543.345.401,25689,0,25689,25689,0,0,0,0,0,0,0,0,0,0,0,0,0,0,0,0,nonTOR
10.8.0.6,35990,199.16.156.201,443,6,73777,0,271.087.195.196,73777,0,73777,73777,0,0,0,0,0,0,0,0,0,0,0,0,0,0,0,0,nonTOR
10.8.0.6,38945,209.148.205.19,80,6,22173,0,901.997.925.405,22173,0,22173,22173,0,0,0,0,0,0,0,0,0,0,0,0,0,0,0,0,nonTOR
10.8.0.6,57025,173.194.123.121,80,6,25724,0,777.484.061.577,25724,0,25724,25724,0,0,0,0,0,0,0,0,0,0,0,0,0,0,0,0,nonTOR
10.8.0.6,42967,149.174.28.138,80,6,53376,0,374.700.239.808,53376,0,53376,53376,0,0,0,0,0,0,0,0,0,0,0,0,0,0,0,0,nonTOR
10.8.0.6,35584,23.195.218.247,443,6,30382,0,658.284.510.565,30382,0,30382,30382,0,0,0,0,0,0,0,0,0,0,0,0,0,0,0,0,nonTOR
10.8.0.6,37646,74.125.226.187,80,6,25475,0,785.083.415.113,25475,0,25475,25475,0,0,0,0,0,0,0,0,0,0,0,0,0,0,0,0,nonTOR
10.8.0.6,47550,173.194.123.122,80,6,25668,0,779.180.302.322,25668,0,25668,25668,0,0,0,0,0,0,0,0,0,0,0,0,0,0,0,0,nonTOR
10.8.0.6,37649,74.125.226.187,80,6,25669,0,779.149.947.407,25669,0,25669,25669,0,0,0,0,0,0,0,0,0,0,0,0,0,0,0,0,nonTOR
10.8.0.6,49049,54.231.17.48,80,6,55269,0,361.866.507.445,55269,0,55269,55269,0,0,0,0,0,0,0,0,0,0,0,0,0,0,0,0,nonTOR
10.8.0.6,50252,74.125.22.157,443,6,39459,0,506.855.216.807,39459,0,39459,39459,0,0,0,0,0,0,0,0,0,0,0,0,0,0,0,0,nonTOR
10.8.0.6,37507,209.148.205.33,80,6,22728,0,879.971.840.901,22728,0,22728,22728,0,0,0,0,0,0,0,0,0,0,0,0,0,0,0,0,nonTOR
10.8.0.6,52205,74.125.226.186,80,6,25657,0,779.514.362.552,25657,0,25657,25657,0,0,0,0,0,0,0,0,0,0,0,0,0,0,0,0,nonTOR
10.8.0.6,55202,64.233.178.94,80,6,54761,0,365.223.425.431,54761,0,54761,54761,0,0,0,0,0,0,0,0,0,0,0,0,0,0,0,0,nonTOR
10.8.0.6,55200,64.233.178.94,80,6,54714,0,365.537.156.852,54714,0,54714,54714,0,0,0,0,0,0,0,0,0,0,0,0,0,0,0,0,nonTOR
10.8.0.6,55197,64.233.178.94,80,6,54718,0,365.510.435.323,54718,0,54718,54718,0,0,0,0,0,0,0,0,0,0,0,0,0,0,0,0,nonTOR
10.8.0.6,55203,64.233.178.94,80,6,54672,0,365.817.968.979,54672,0,54672,54672,0,0,0,0,0,0,0,0,0,0,0,0,0,0,0,0,nonTOR
10.8.0.6,55199,64.233.178.94,80,6,54624,0,366.139.425.893,54624,0,54624,54624,0,0,0,0,0,0,0,0,0,0,0,0,0,0,0,0,nonTOR
10.8.0.6,55201,64.233.178.94,80,6,54669,0,365.838.043.498,54669,0,54669,54669,0,0,0,0,0,0,0,0,0,0,0,0,0,0,0,0,nonTOR
10.8.0.6,58177,209.148.205.18,80,6,22474,0,889.917.237.697,22474,0,22474,22474,0,0,0,0,0,0,0,0,0,0,0,0,0,0,0,0,nonTOR
10.8.0.6,57032,173.194.123.121,80,6,25596,0,781.372.089.389,25596,0,25596,25596,0,0,0,0,0,0,0,0,0,0,0,0,0,0,0,0,nonTOR
10.8.0.6,52750,74.125.226.173,80,6,25609,0,780.975.438.322,25609,0,25609,25609,0,0,0,0,0,0,0,0,0,0,0,0,0,0,0,0,nonTOR
10.8.0.6,49663,74.125.226.164,443,6,25825,0,774.443.368.829,25825,0,25825,25825,0,0,0,0,0,0,0,0,0,0,0,0,0,0,0,0,nonTOR
10.8.0.6,42357,173.194.123.111,443,6,26059,0,767.489.159.216,26059,0,26059,26059,0,0,0,0,0,0,0,0,0,0,0,0,0,0,0,0,nonTOR
10.8.0.6,47987,173.194.207.188,5228,6,40638,0,492.150.204.242,40638,0,40638,40638,0,0,0,0,0,0,0,0,0,0,0,0,0,0,0,0,nonTOR
10.8.0.6,60778,74.125.226.185,80,6,26792,0,746.491.489.997,26792,0,26792,26792,0,0,0,0,0,0,0,0,0,0,0,0,0,0,0,0,nonTOR
10.8.0.6,52206,74.125.226.186,80,6,25656,0,779.544.745.868,25656,0,25656,25656,0,0,0,0,0,0,0,0,0,0,0,0,0,0,0,0,nonTOR
10.8.0.6,35990,199.16.156.201,443,6,73391,0,272.512.978.431,73391,0,73391,73391,0,0,0,0,0,0,0,0,0,0,0,0,0,0,0,0,nonTOR
10.8.0.6,38945,209.148.205.19,80,6,22089,0,905.428.041.106,22089,0,22089,22089,0,0,0,0,0,0,0,0,0,0,0,0,0,0,0,0,nonTOR
10.8.0.6,57025,173.194.123.121,80,6,25738,0,777.061.154.713,25738,0,25738,25738,0,0,0,0,0,0,0,0,0,0,0,0,0,0,0,0,nonTOR
10.8.0.6,42967,149.174.28.138,80,6,54005,0,370.336.079.993,54005,0,54005,54005,0,0,0,0,0,0,0,0,0,0,0,0,0,0,0,0,nonTOR
10.8.0.6,35584,23.195.218.247,443,6,30329,0,659.434.864.321,30329,0,30329,30329,0,0,0,0,0,0,0,0,0,0,0,0,0,0,0,0,nonTOR
10.8.0.6,37646,74.125.226.187,80,6,25605,0,781.097.441.906,25605,0,25605,25605,0,0,0,0,0,0,0,0,0,0,0,0,0,0,0,0,nonTOR
10.8.0.6,47550,173.194.123.122,80,6,25673,0,779.028.551.396,25673,0,25673,25673,0,0,0,0,0,0,0,0,0,0,0,0,0,0,0,0,nonTOR
10.8.0.6,37649,74.125.226.187,80,6,25721,0,777.574.744.372,25721,0,25721,25721,0,0,0,0,0,0,0,0,0,0,0,0,0,0,0,0,nonTOR
10.8.0.6,50252,74.125.22.157,443,6,39505,0,506.265.029.743,39505,0,39505,39505,0,0,0,0,0,0,0,0,0,0,0,0,0,0,0,0,nonTOR
10.8.0.6,49049,54.231.17.48,80,6,55568,0,359.919.378.059,55568,0,55568,55568,0,0,0,0,0,0,0,0,0,0,0,0,0,0,0,0,nonTOR
10.8.0.6,37507,209.148.205.33,80,6,22057,0,906.741.623.974,22057,0,22057,22057,0,0,0,0,0,0,0,0,0,0,0,0,0,0,0,0,nonTOR
10.8.0.6,52205,74.125.226.186,80,6,25794,0,775.374.118.012,25794,0,25794,25794,0,0,0,0,0,0,0,0,0,0,0,0,0,0,0,0,nonTOR
10.8.0.6,55202,64.233.178.94,80,6,54838,0,364.710.602.137,54838,0,54838,54838,0,0,0,0,0,0,0,0,0,0,0,0,0,0,0,0,nonTOR
10.8.0.6,55200,64.233.178.94,80,6,54720,0,365.497.076.023,54720,0,54720,54720,0,0,0,0,0,0,0,0,0,0,0,0,0,0,0,0,nonTOR
10.8.0.6,55197,64.233.178.94,80,6,54811,0,364.890.259.255,54811,0,54811,54811,0,0,0,0,0,0,0,0,0,0,0,0,0,0,0,0,nonTOR
10.8.0.6,55203,64.233.178.94,80,6,54690,0,365.697.568.111,54690,0,54690,54690,0,0,0,0,0,0,0,0,0,0,0,0,0,0,0,0,nonTOR
10.8.0.6,55199,64.233.178.94,80,6,54577,0,366.454.733.679,54577,0,54577,54577,0,0,0,0,0,0,0,0,0,0,0,0,0,0,0,0,nonTOR
10.8.0.6,55201,64.233.178.94,80,6,54622,0,366.152.832.192,54622,0,54622,54622,0,0,0,0,0,0,0,0,0,0,0,0,0,0,0,0,nonTOR
10.8.0.6,58177,209.148.205.18,80,6,22021,0,908.223.968.031,22021,0,22021,22021,0,0,0,0,0,0,0,0,0,0,0,0,0,0,0,0,nonTOR
10.8.0.6,57032,173.194.123.121,80,6,25669,0,779.149.947.407,25669,0,25669,25669,0,0,0,0,0,0,0,0,0,0,0,0,0,0,0,0,nonTOR
10.8.0.6,52750,74.125.226.173,80,6,25691,0,778.482.737.145,25691,0,25691,25691,0,0,0,0,0,0,0,0,0,0,0,0,0,0,0,0,nonTOR
10.8.0.6,49663,74.125.226.164,443,6,25666,0,779.241.019.247,25666,0,25666,25666,0,0,0,0,0,0,0,0,0,0,0,0,0,0,0,0,nonTOR
10.8.0.6,42357,173.194.123.111,443,6,25556,0,782.595.085.303,25556,0,25556,25556,0,0,0,0,0,0,0,0,0,0,0,0,0,0,0,0,nonTOR
10.8.0.6,60778,74.125.226.185,80,6,25879,0,772.827.389.003,25879,0,25879,25879,0,0,0,0,0,0,0,0,0,0,0,0,0,0,0,0,nonTOR
10.8.0.6,52206,74.125.226.186,80,6,25550,0,782.778.864.971,25550,0,25550,25550,0,0,0,0,0,0,0,0,0,0,0,0,0,0,0,0,nonTOR
10.8.0.6,57025,173.194.123.121,80,6,25593,0,781.463.681.475,25593,0,25593,25593,0,0,0,0,0,0,0,0,0,0,0,0,0,0,0,0,nonTOR
10.8.0.6,37646,74.125.226.187,80,6,25704,0,778.089.013.383,25704,0,25704,25704,0,0,0,0,0,0,0,0,0,0,0,0,0,0,0,0,nonTOR
10.8.0.6,47550,173.194.123.122,80,6,25587,0,781.646.930.082,25587,0,25587,25587,0,0,0,0,0,0,0,0,0,0,0,0,0,0,0,0,nonTOR
10.8.0.6,37649,74.125.226.187,80,6,25752,0,776.638.707.673,25752,0,25752,25752,0,0,0,0,0,0,0,0,0,0,0,0,0,0,0,0,nonTOR
10.8.0.6,50252,74.125.22.157,443,6,39427,0,507.266.593.958,39427,0,39427,39427,0,0,0,0,0,0,0,0,0,0,0,0,0,0,0,0,nonTOR
10.8.0.6,52205,74.125.226.186,80,6,26102,0,766.224.810.359,26102,0,26102,26102,0,0,0,0,0,0,0,0,0,0,0,0,0,0,0,0,nonTOR
10.8.0.6,55200,64.233.178.94,80,6,54711,0,365.557.200.563,54711,0,54711,54711,0,0,0,0,0,0,0,0,0,0,0,0,0,0,0,0,nonTOR
10.8.0.6,55197,64.233.178.94,80,6,54558,0,366.582.352.726,54558,0,54558,54558,0,0,0,0,0,0,0,0,0,0,0,0,0,0,0,0,nonTOR
10.8.0.6,55203,64.233.178.94,80,6,55021,0,363.497.573.654,55021,0,55021,55021,0,0,0,0,0,0,0,0,0,0,0,0,0,0,0,0,nonTOR
10.8.0.6,55202,64.233.178.94,80,6,54905,0,364.265.549.586,54905,0,54905,54905,0,0,0,0,0,0,0,0,0,0,0,0,0,0,0,0,nonTOR
10.8.0.6,55201,64.233.178.94,80,6,54928,0,364.113.020.682,54928,0,54928,54928,0,0,0,0,0,0,0,0,0,0,0,0,0,0,0,0,nonTOR
10.8.0.6,57032,173.194.123.121,80,6,25862,0,773.335.395.561,25862,0,25862,25862,0,0,0,0,0,0,0,0,0,0,0,0,0,0,0,0,nonTOR
10.8.0.6,55199,64.233.178.94,80,6,54864,0,364.537.766.113,54864,0,54864,54864,0,0,0,0,0,0,0,0,0,0,0,0,0,0,0,0,nonTOR
10.8.0.6,52750,74.125.226.173,80,6,25779,0,775.825.284.146,25779,0,25779,25779,0,0,0,0,0,0,0,0,0,0,0,0,0,0,0,0,nonTOR
10.8.0.6,37646,74.125.226.187,80,6,4531992,0,0.6619605683,2265996,315.073.488.089.239,4493902,38090,2265996,315.073.488.089.239,4493902,38090,0,0,0,0,0,0,0,0,0,0,0,0,nonTOR
10.8.0.6,47550,173.194.123.122,80,6,4343155,0,0.6907420988,2171577.5,301.846.985.036.467,4305958,37197,2171577.5,301.846.985.036.467,4305958,37197,0,0,0,0,0,0,0,0,0,0,0,0,nonTOR
10.8.0.6,55202,64.233.178.94,80,6,3962364,0,0.7571237776,1981182,275.038.233.509.307,3925996,36368,1981182,275.038.233.509.307,3925996,36368,0,0,0,0,0,0,0,0,0,0,0,0,nonTOR
10.8.0.6,55200,64.233.178.94,80,6,4007057,0,0.7486791428,2003528.5,278.102.905.009.647,3970013,37044,2003528.5,278.102.905.009.647,3970013,37044,0,0,0,0,0,0,0,0,0,0,0,0,nonTOR
10.8.0.6,55197,64.233.178.94,80,6,3997043,0,0.7505548477,1998521.5,277.111.965.566.493,3957999,39044,1998521.5,277.111.965.566.493,3957999,39044,0,0,0,0,0,0,0,0,0,0,0,0,nonTOR
10.8.0.6,55203,64.233.178.94,80,6,3976786,0,0.7543780329,1988393,275.726.248.407.401,3938072,38714,1988393,275.726.248.407.401,3938072,38714,0,0,0,0,0,0,0,0,0,0,0,0,nonTOR
10.8.0.6,55199,64.233.178.94,80,6,3910844,0,0.7670978438,1955422,271.338.650.830.139,3874076,36768,1955422,271.338.650.830.139,3874076,36768,0,0,0,0,0,0,0,0,0,0,0,0,nonTOR
10.8.0.6,55201,64.233.178.94,80,6,3944332,0,0.7605850623,1972166,273.502.963.265.995,3906124,38208,1972166,273.502.963.265.995,3906124,38208,0,0,0,0,0,0,0,0,0,0,0,0,nonTOR
10.8.0.6,52750,74.125.226.173,80,6,3904691,0,0.7683066343,1952345.5,270.645.615.473.898,3866099,38592,1952345.5,270.645.615.473.898,3866099,38592,0,0,0,0,0,0,0,0,0,0,0,0,nonTOR
10.8.0.6,57025,173.194.123.121,80,6,5422007,0,0.5533006505,2711003.5,377.756.453.631.761,5382145,39862,2711003.5,377.756.453.631.761,5382145,39862,0,0,0,0,0,0,0,0,0,0,0,0,nonTOR
10.8.0.6,57032,173.194.123.121,80,6,3913536,0,0.766570181,1956768,271.165.833.932.817,3874200,39336,1956768,271.165.833.932.817,3874200,39336,0,0,0,0,0,0,0,0,0,0,0,0,nonTOR
10.8.0.6,52206,74.125.226.186,80,6,6461205,0,0.464309676,3230602.5,451.372.350.671.599,6422287,38918,3230602.5,451.372.350.671.599,6422287,38918,0,0,0,0,0,0,0,0,0,0,0,0,nonTOR
10.8.0.6,52205,74.125.226.186,80,6,4028427,0,0.7447075496,2014213.5,27.946.790.394.005,3990350,38077,2014213.5,27.946.790.394.005,3990350,38077,0,0,0,0,0,0,0,0,0,0,0,0,nonTOR
10.8.0.6,37649,74.125.226.187,80,6,4249674,0,0.7059365024,2124837,294.934.662.696.978,4210340,39334,2124837,294.934.662.696.978,4210340,39334,0,0,0,0,0,0,0,0,0,0,0,0,nonTOR
10.8.0.6,60778,74.125.226.185,80,6,8028222,0,0.3736817442,4014111,562.333.173.120.989,7990407,37815,4014111,562.333.173.120.989,7990407,37815,0,0,0,0,0,0,0,0,0,0,0,0,nonTOR
10.8.0.6,49663,74.125.226.164,443,6,25825,0,774.443.368.829,25825,0,25825,25825,0,0,0,0,0,0,0,0,0,0,0,0,0,0,0,0,nonTOR
10.8.0.6,47987,173.194.207.188,5228,6,38900,0,514.138.817.481,38900,0,38900,38900,0,0,0,0,0,0,0,0,0,0,0,0,0,0,0,0,nonTOR
10.8.0.6,35990,199.16.156.201,443,6,73942,0,270.482.269.887,73942,0,73942,73942,0,0,0,0,0,0,0,0,0,0,0,0,0,0,0,0,nonTOR
